序号,代码,名称,最新价,涨跌幅,涨跌额,成交量,成交额,振幅,最高,最低,今开,昨收,量比
1,H11057,石化产业,1504.92,2.0,29.57,18504128,36415445000.0,4.66,1516.52,1447.72,1449.26,1475.35,0.81
2,931719,CS电池,4146.15,1.99,80.97,16201884,76084730910.0,5.1,4200.13,3992.75,4017.21,4065.18,1.05
3,H30053,AMAC化学,3639.0,1.9,67.71,67265441,111036994420.0,4.62,3677.66,3512.69,3524.78,3571.29,0.93
4,930997,新能源车,2990.99,1.79,52.63,17258398,79612979587.0,4.64,3023.58,2887.38,2899.01,2938.36,1.0
5,H30055,AMAC化纤,5280.89,1.61,83.74,5929123,6919140968.0,4.9,5357.36,5102.79,5143.34,5197.15,0.9
6,930598,稀土产业,3015.15,1.6,47.57,24134431,40046029745.0,4.56,3046.35,2911.03,2913.91,2967.58,0.64
7,930632,CS稀金属,2976.51,1.51,44.37,21620321,64588520335.0,5.28,3004.07,2849.38,2852.14,2932.14,0.72
8,H30044,AMAC纺织,1872.56,1.46,26.98,8806964,8383379229.0,2.79,1892.73,1841.24,1849.35,1845.58,1.51
9,930614,环保50,2468.76,1.44,35.07,34756656,101511891412.0,3.94,2498.14,2402.32,2406.57,2433.69,0.86
10,H30198,油气产业,2445.91,1.41,33.89,39897119,33892609136.0,4.29,2460.33,2356.92,2360.64,2412.02,0.88
11,H30051,AMAC文教,2195.35,1.38,29.81,3232373,4137348011.0,3.51,2215.04,2139.08,2157.72,2165.54,1.07
12,H30060,AMAC金属,6273.73,1.26,77.87,24040720,43378752383.0,3.37,6339.38,6130.74,6141.48,6195.86,1.01
13,931733,绿色能源,5348.58,1.25,65.93,32597502,111390514008.0,3.81,5407.44,5206.27,5215.63,5282.65,0.97
14,931248,油气资源,1082.68,1.22,13.03,37013126,31354156996.0,4.36,1089.52,1042.92,1044.95,1069.65,0.89
15,931841,新能车15USD,4696.66,1.18,54.57,8244692,6799451704.7,3.73,4743.76,4570.53,4579.99,4642.09,0.87
16,H30056,AMAC橡胶,5265.97,1.18,61.62,13995169,23985675321.0,3.26,5317.62,5148.0,5171.83,5204.35,0.96
17,931792,新能车15,5258.1,1.16,60.15,8244692,47190231566.0,3.72,5310.33,5117.21,5128.4,5197.95,0.87
18,931259,转债流动性策略,229.8,1.08,2.46,1690725,29736028302.0,2.37,231.0,225.61,226.29,227.34,1.02
19,H50016,沪东北,3662.49,1.0,36.09,19331426,24559486947.0,3.18,3680.99,3565.67,3576.19,3626.4,0.69
20,H50047,180反两,289.02,1.0,2.87,132823298,265723203715.0,3.03,293.9,285.22,292.14,286.15,0.71
21,H30049,AMAC造纸,2477.32,0.93,22.73,9050731,9277197009.0,2.87,2504.16,2433.78,2435.05,2454.59,0.87
22,932077,全指能源行业,2620.04,0.92,23.78,43627635,33000040984.0,3.4,2633.91,2545.61,2547.09,2596.26,0.86
23,H30597,新材料,4367.57,0.91,39.24,23273536,81169285625.0,3.78,4419.62,4255.92,4272.54,4328.33,1.01
24,H50001,180能源,2415.05,0.91,21.83,7240630,10028130297.0,3.01,2422.98,2350.83,2354.53,2393.22,0.81
25,932078,全指材料行业,5373.28,0.81,42.91,202213164,327514683544.0,4.65,5436.5,5188.83,5200.92,5330.37,0.82
26,H30050,AMAC印刷,2334.98,0.81,18.67,1597795,1727939180.0,2.65,2353.39,2292.05,2313.51,2316.31,1.06
27,H30059,AMAC有色,5621.9,0.8,44.75,55099528,95552871538.0,5.31,5687.56,5391.42,5410.06,5577.15,0.83
28,931866,中证机床,1934.79,0.8,15.42,7265146,28055357170.0,3.76,1959.49,1887.39,1897.53,1919.37,0.86
29,931672,风电产业,1936.35,0.76,14.54,19329392,32125045470.0,2.69,1957.81,1906.03,1907.61,1921.81,0.81
30,931078,中证转债及可交换债,555.87,0.74,4.07,4613490,82218233690.0,1.73,558.18,548.65,550.49,551.8,1.0
31,930715,CS朝阳88,16796.99,0.74,122.94,24839301,126492408464.0,3.47,17010.62,16432.2,16501.78,16674.05,0.81
32,H30251,500原料,6699.44,0.73,48.8,37853538,74506569358.0,4.91,6787.16,6460.39,6489.58,6650.64,0.79
33,H50022,沪材料红,8667.95,0.67,58.0,11377555,16712209693.0,3.84,8793.84,8462.93,8494.94,8609.95,0.76
34,931151,光伏产业,3279.08,0.66,21.52,54663080,85529270024.0,4.4,3331.17,3187.9,3203.11,3257.56,1.0
35,931994,电网设备主题,2963.74,0.66,19.56,31654649,56482882501.0,3.21,3004.89,2910.41,2912.49,2944.18,0.82
36,H30065,AMAC电气,7232.04,0.65,46.54,114499030,192540285032.0,2.89,7306.67,7098.9,7113.7,7185.5,1.0
37,H50024,沪可选红,12326.42,0.65,79.44,6568149,10306928420.0,2.31,12402.76,12119.9,12169.77,12246.98,0.94
38,H30061,AMAC通用,3020.2,0.64,19.31,27805972,68626257454.0,2.97,3055.43,2966.32,2977.0,3000.89,0.86
39,931579,东证优势成长,8253.0,0.62,50.64,33302503,193834092854.0,3.74,8374.14,8066.98,8075.07,8202.36,0.78
40,931755,SEEE碳中和,2160.06,0.6,12.81,54741880,144285547016.0,3.49,2181.97,2107.03,2108.09,2147.25,0.75
41,H30083,300反向,1260.59,0.58,7.24,202716477,505759806238.0,1.53,1270.49,1251.29,1266.13,1253.35,0.73
42,932266,国企战略新兴,2205.18,0.58,12.76,19865254,49271041526.0,3.2,2226.55,2156.3,2165.3,2192.42,0.73
43,931778,农牧主题,1644.3,0.58,9.46,17137179,21353566523.0,3.29,1664.14,1610.38,1614.65,1634.84,0.66
44,H30404,300日报酬反向,935.59,0.57,5.34,202716477,505759806238.0,1.53,942.93,928.69,939.7,930.25,0.73
45,930901,动漫游戏,2267.71,0.56,12.65,11199774,17574429194.0,4.71,2298.83,2192.51,2235.3,2255.06,0.83
46,H11052,智能电车,4163.42,0.55,22.64,16152690,90357176920.0,3.15,4203.07,4072.82,4093.33,4140.78,0.88
47,H30590,机器人,1971.26,0.54,10.52,7696037,29974713878.0,3.62,1997.4,1926.51,1941.51,1960.74,0.82
48,931239,港股通汽车,2277.36,0.54,12.3,8338024,15068181522.7,3.12,2298.47,2227.75,2229.52,2265.06,0.8
49,H50046,180反向,3089.58,0.51,15.62,132823298,265723203715.0,1.52,3115.75,3069.17,3106.34,3073.96,0.71
50,931230,汽车零部件,1284.72,0.5,6.41,22670572,65313736170.0,3.21,1301.49,1260.49,1267.99,1278.31,0.94
51,931772,碳中和60,1893.15,0.47,8.94,46828248,114492792133.0,2.92,1908.73,1853.76,1860.68,1884.21,0.79
52,931897,绿色电力,1109.82,0.47,5.14,25543562,16891014907.0,1.47,1114.24,1097.98,1100.63,1104.68,0.86
53,932222,中证2000净收益,3724.1,0.43,15.79,346409480,500452388867.0,2.44,3761.96,3671.62,3681.9,3708.31,0.95
54,931798,光伏龙头30,2383.06,0.42,9.87,15577869,42525963753.0,3.84,2416.58,2325.51,2337.5,2373.19,0.72
55,932000,中证2000,3452.79,0.42,14.58,346409480,500452388867.0,2.44,3487.88,3404.12,3413.66,3438.21,0.95
56,H50055,沪大农业,1597.33,0.42,6.68,14491706,19098785673.0,2.71,1616.4,1573.23,1573.78,1590.65,0.7
57,H11050,AMAC综企,3115.65,0.42,12.9,5871997,8283524692.0,2.91,3148.55,3058.13,3071.58,3102.75,0.68
58,H30199,电力指数,2901.92,0.4,11.42,32723840,19181236555.0,1.42,2913.67,2872.59,2879.24,2890.5,0.76
59,932335,香港红利净收益,10758.73,0.39,42.21,14427864,14756950021.0,2.1,10765.8,10541.0,10593.85,10716.52,0.78
60,H11140,香港红利,3838.18,0.39,15.06,14427864,14756950021.0,2.1,3840.7,3760.51,3779.36,3823.12,0.78
61,H30031,800有色,12218.59,0.38,46.46,46132163,106855429976.0,5.78,12371.27,11667.64,11681.45,12172.13,0.76
62,H50002,180材料,3836.81,0.38,14.63,23611610,55370612671.0,5.15,3875.75,3678.73,3686.33,3822.18,0.64
63,931746,储能产业,3719.38,0.37,13.55,24678387,66433270421.0,3.2,3761.31,3642.75,3662.05,3705.83,0.81
64,950333,智选创新价值,2543.61,0.34,8.68,14143514,27526576962.0,3.02,2576.59,2500.11,2506.86,2534.93,0.94
65,H30373,百发100,22254.29,0.33,72.58,17851700,45263267473.0,2.49,22481.29,21928.62,22017.84,22181.71,0.77
66,931892,有色矿业,4505.21,0.32,14.43,47361901,111638337360.0,6.0,4563.5,4294.09,4299.49,4490.78,0.83
67,931581,周期稳健成长50,2155.59,0.32,6.79,14000586,22632115935.0,2.42,2170.46,2118.4,2125.33,2148.8,0.74
68,932037,央企现代能源,1536.52,0.32,4.85,43792037,44032894207.0,2.31,1546.83,1511.4,1512.68,1531.67,0.73
69,931722,国新港股通央企红利,1398.77,0.31,4.38,9634291,14557457602.6,2.39,1403.76,1370.41,1377.83,1394.39,0.59
70,H11059,工业有色,4544.72,0.3,13.81,38722558,82322436694.0,5.52,4595.45,4345.25,4351.36,4530.91,0.75
71,H50026,沪医药红,8132.89,0.3,23.98,3691662,5495760552.0,0.91,8199.84,8126.27,8144.85,8108.91,1.25
72,932086,全指公用行业,2661.35,0.27,7.18,42163286,27646772898.0,1.35,2674.01,2638.06,2643.17,2654.17,0.77
73,930641,中证中药,9765.56,0.27,26.72,11922985,17029080929.0,2.45,10004.11,9765.56,9927.56,9738.84,2.29
74,H30067,AMAC仪表,5413.81,0.27,14.4,5917174,12115009735.0,2.61,5479.88,5339.19,5359.88,5399.41,0.89
75,H50030,沪公用红,4849.82,0.27,13.3,4514297,4369322700.0,1.61,4883.44,4805.81,4824.26,4836.52,0.78
76,H50031,沪绿色城,2988.73,0.26,7.62,24917746,41380079988.0,2.48,3015.68,2941.85,2946.72,2981.11,0.91
77,H50009,180通信,2061.84,0.25,5.15,5184980,8744225361.0,1.54,2076.45,2044.73,2045.71,2056.69,0.6
78,931163,浙江100,2335.67,0.25,5.8,41849301,99679805118.0,2.94,2361.45,2293.03,2305.04,2329.87,0.85
79,H30046,AMAC皮革,790.97,0.25,2.01,950588,1207395323.0,1.46,795.83,784.35,787.17,788.96,0.92
80,H11031,AMAC采矿,3906.88,0.24,9.54,60927016,102132105769.0,5.31,3953.63,3746.8,3746.84,3897.34,0.82
81,H30352,500价值,10746.98,0.23,24.58,65242110,73564841223.0,2.57,10857.59,10582.15,10616.11,10722.4,0.72
82,930708,中证有色,3457.92,0.23,7.9,57855127,123562450535.0,5.7,3503.54,3306.73,3312.96,3450.02,0.81
83,H30054,AMAC医药,4590.33,0.23,10.31,46563917,72346942802.0,1.29,4639.15,4580.11,4592.46,4580.02,1.36
84,930914,港股通高股息,5231.68,0.22,11.41,14869771,16897107667.4,1.66,5234.25,5147.67,5174.45,5220.27,0.82
85,H30038,AMAC科技,7304.88,0.21,15.44,10013989,20991369144.0,2.68,7385.51,7190.24,7237.58,7289.44,0.88
86,930915,港股通高股息CNY,5880.94,0.19,11.08,14869771,15012150820.0,1.63,5883.2,5787.54,5815.07,5869.86,0.82
87,H30252,500工业,8326.21,0.17,13.78,47833473,106934880726.0,3.06,8433.31,8179.15,8220.41,8312.43,0.75
88,000859,国企一带一路,1969.42,0.16,3.19,90450149,122456625949.0,2.3,1985.67,1940.5,1946.0,1966.23,0.7
89,H11041,AMAC公用,2540.76,0.16,4.18,45798936,29660205580.0,1.18,2550.79,2520.93,2526.78,2536.58,0.77
90,H30048,AMAC家具,5115.01,0.15,7.89,1505135,2439945079.0,2.81,5193.01,5049.3,5093.07,5107.12,0.89
91,H30344,健康产业,1283.25,0.12,1.56,25015706,45835919043.0,1.6,1295.12,1274.67,1275.57,1281.69,0.77
92,931599,湖南50,1883.51,0.12,2.25,10906372,23710457829.0,2.88,1902.68,1848.48,1856.72,1881.26,0.87
93,931136,深圳科技,10462.74,0.11,11.45,6831968,29557387142.0,2.88,10578.84,10277.87,10355.02,10451.29,0.8
94,931587,500价值稳健,23515.98,0.1,22.38,31273034,37436292333.0,2.05,23775.05,23294.11,23387.32,23493.6,0.76
95,930838,CS高股息,7738.48,0.1,7.51,32639741,72035455870.0,1.91,7814.56,7667.15,7679.77,7730.97,0.89
96,CESHKB,中华香港生物科技,8202.31,0.1,8.13,2446983,6970390979.4,3.8,8311.15,8000.14,8083.51,8194.18,0.88
97,H30063,AMAC汽车,9728.96,0.09,8.46,34515320,63861239289.0,2.28,9825.73,9603.69,9645.85,9720.5,0.87
98,930781,中证影视,1897.91,0.09,1.8,21833884,24201996698.0,4.99,1926.65,1832.04,1880.91,1896.11,0.97
99,H11153,内地国有,898.87,0.09,0.77,17522250,27869390355.2,1.98,902.22,884.48,885.96,898.1,0.74
100,932079,全指工业行业,4649.67,0.09,4.08,319617829,552484863565.0,2.44,4696.97,4583.79,4601.71,4645.59,0.88
101,H30359,转型成长,44231.15,0.09,41.05,26779890,60938998350.0,2.17,44751.19,43792.92,43939.1,44190.1,0.79
102,H30537,淘金100,13197.57,0.08,10.84,32811162,137544767779.0,2.73,13344.33,12983.95,13036.06,13186.73,0.74
103,930707,中证畜牧,2195.06,0.08,1.81,9442819,9952909726.0,1.75,2216.49,2178.03,2181.14,2193.25,0.65
104,931790,中韩半导体,6859.47,0.07,5.07,0,,3.43,6898.09,6662.94,6768.75,6854.4,
105,930882,CS珠三角,2413.36,0.06,1.33,41202315,153335502868.0,2.39,2436.83,2379.16,2388.94,2412.03,0.77
106,H00012,国债指数(净),108.59,0.06,0.07,3638933,36297004677.0,0.07,108.6,108.52,108.52,108.52,0.92
107,930734,360互联+,29657.76,0.06,16.51,12114966,16933109205.0,2.48,29991.44,29255.29,29414.23,29641.25,0.81
108,930839,港股通高息精选,3737.16,0.05,1.84,6121241,10642038594.9,2.5,3752.74,3659.44,3679.59,3735.32,0.64
109,931393,湖北指数,3113.88,0.05,1.6,24629535,55438875093.0,2.19,3150.83,3082.56,3087.07,3112.28,0.86
110,931033,杭州湾区,1611.69,0.03,0.52,19481911,68335440851.0,2.51,1627.16,1586.66,1596.47,1611.17,0.87
111,930910,农牧渔,9928.74,0.02,1.72,20347981,18350676246.0,1.61,10018.62,9859.08,9861.77,9927.02,0.61
112,932366,300现金流,3466.26,0.02,0.74,42873211,76819124957.0,1.97,3483.06,3414.73,3414.73,3465.52,0.68
113,930719,CS精准医,2813.66,0.02,0.69,3497800,16113835184.0,2.4,2846.27,2778.67,2800.13,2812.97,0.85
114,H11086,HGSZ7-10,221.74,0.01,0.03,740,7424414.0,0.01,221.75,221.73,221.73,221.71,0.06
115,H11085,HGSZ 5-7,229.67,0.01,0.02,0,,0.0,229.67,229.67,229.67,229.65,
116,H30363,基本500,9605.22,0.01,0.79,154592864,343029662170.0,2.38,9703.93,9475.09,9508.72,9604.43,0.83
117,H11082,HGSZ AA,264.68,0.01,0.02,0,,0.0,264.68,264.68,264.68,264.66,
118,H11084,HGSZ 3-5,225.42,0.0,0.01,1609,15798812.0,0.0,225.42,225.42,225.42,225.41,0.03
119,H11080,HGSZ AAA,204.53,0.0,0.01,4040,40584259.0,0.0,204.53,204.53,204.53,204.52,0.05
120,H11083,HGSZ 1-3,205.63,0.0,0.01,3230,30435299.0,0.0,205.63,205.63,205.63,205.62,0.2
121,H00013,企债指数(净),102.09,0.0,0.0,327109,3258931745.0,0.0,102.09,102.09,102.09,102.09,0.37
122,932082,全指医药行业,9652.92,-0.01,-1.33,58401263,97729783924.0,1.33,9738.76,9610.02,9649.42,9654.25,1.27
123,931529,国企数字经济,2412.14,-0.01,-0.19,19738088,81020568205.0,2.47,2441.15,2381.68,2388.04,2412.33,0.75
124,931648,500 ESG,1498.25,-0.02,-0.34,142641489,313541313082.0,2.81,1516.01,1473.95,1481.15,1498.59,0.76
125,930640,CSWD重组,2046.97,-0.02,-0.4,23974718,52236408707.0,2.16,2068.44,2024.25,2029.67,2047.37,0.96
126,H11081,HGSZ AA+,226.81,-0.02,-0.05,1539,13074266.0,0.03,226.88,226.81,226.88,226.86,0.52
127,932038,央企科技引领,1600.57,-0.03,-0.43,15689152,64683270508.0,2.26,1615.77,1579.57,1586.29,1601.0,0.8
128,931440,创新药30,2754.28,-0.03,-0.69,2729090,12522738123.0,2.15,2782.49,2723.22,2744.72,2754.97,0.88
129,931152,CS创新药,1895.6,-0.03,-0.65,6695489,20928616987.0,1.83,1914.25,1879.55,1890.9,1896.25,1.04
130,H50032,沪城交通,2516.99,-0.04,-1.1,23658016,40306686987.0,1.93,2539.35,2490.75,2494.98,2518.09,0.69
131,931000,大湾区,1753.55,-0.04,-0.73,41485076,135556138455.0,2.16,1769.46,1731.54,1741.19,1754.28,0.76
132,931232,朝阳100,6052.67,-0.04,-2.23,30988662,129286270986.0,2.74,6130.72,5965.0,5997.99,6054.9,0.88
133,H30039,AMAC公共,1773.95,-0.05,-0.9,10748096,12319060475.0,1.75,1791.12,1760.13,1766.44,1774.85,0.85
134,932046,建行科技（长三角）,2127.45,-0.06,-1.18,18294967,66980460526.0,2.46,2152.8,2100.54,2109.14,2128.63,0.84
135,H50040,上红低波,11176.51,-0.06,-6.99,39686261,38573742371.0,1.02,11227.09,11113.23,11159.86,11183.5,0.83
136,H50021,沪能源红,4539.09,-0.06,-2.56,3362069,5410714672.0,2.47,4576.13,4463.83,4494.01,4541.65,0.69
137,950228,智选科创价值50,1902.25,-0.06,-1.09,4766033,48921600003.0,2.51,1923.16,1875.46,1881.35,1903.34,0.75
138,932052,央企科技创新,1716.84,-0.07,-1.25,25034929,57281744359.0,2.15,1733.29,1696.29,1700.33,1718.09,0.67
139,931837,央企现代产业,1371.64,-0.08,-1.1,22096010,69413900754.0,1.93,1384.73,1358.19,1361.68,1372.74,0.68
140,932047,中证REITs全收益,1042.84,-0.08,-0.81,730459,295457114.0,0.27,1043.51,1040.7,1043.51,1043.65,0.76
141,950161,科创新药,1215.85,-0.08,-1.0,1467485,6535344074.0,2.58,1232.1,1200.71,1213.35,1216.85,0.88
142,H50011,沪环渤海,3387.66,-0.08,-2.66,40549942,68232068468.0,1.66,3402.15,3345.72,3366.47,3390.32,0.68
143,930758,凤凰50,8801.99,-0.08,-7.16,10458295,18110369489.0,1.59,8872.18,8732.08,8773.19,8809.15,0.88
144,932217,制药指数,2138.6,-0.08,-1.68,7056743,21136062215.0,1.3,2159.11,2131.39,2143.23,2140.28,1.16
145,931250,港股通创新药,1074.24,-0.09,-0.99,3896349,8077485161.4,3.19,1084.43,1050.12,1059.97,1075.23,0.62
146,931946,畜牧养殖,740.28,-0.09,-0.65,11647124,13057565325.0,1.41,746.74,736.32,736.63,740.93,0.69
147,H11054,装备产业,3106.56,-0.1,-3.17,54607001,171457046710.0,2.75,3142.58,3057.04,3075.74,3109.73,0.78
148,931233,港股通央企红利,1219.9,-0.1,-1.25,16081432,16335601793.2,1.54,1223.24,1204.38,1213.53,1221.15,0.74
149,931372,浙江国资,2586.75,-0.1,-2.7,20925034,22832258082.0,1.91,2610.12,2560.71,2577.93,2589.45,0.97
150,931787,港股创新药,1338.86,-0.1,-1.32,3896349,8077485161.4,3.22,1351.81,1308.59,1321.25,1340.18,0.62
151,H30263,腾讯济安,3710.53,-0.1,-3.85,31004137,85129352865.0,1.8,3743.53,3676.8,3684.89,3714.38,0.76
152,930701,CS京津冀,1726.5,-0.11,-1.88,30349054,46400722942.0,1.92,1742.73,1709.54,1717.84,1728.38,0.87
153,930740,300红利低波,7169.71,-0.12,-8.61,50067814,63336115028.0,1.05,7191.26,7116.1,7145.56,7178.32,0.75
154,H30366,高息策略,5437.59,-0.12,-6.44,26477320,44462211963.0,1.47,5464.52,5384.5,5394.56,5444.03,0.73
155,931652,厦门指数,2549.96,-0.12,-3.19,8200287,20961065539.0,2.42,2583.95,2522.18,2534.64,2553.15,0.97
156,932049,国新港股通央企综指,1287.14,-0.13,-1.66,16199228,14508683455.2,2.23,1293.26,1264.58,1270.96,1288.8,0.62
157,932368,800现金流,5390.27,-0.13,-7.25,31424306,46556620477.0,2.01,5425.13,5316.58,5321.33,5397.52,0.81
158,932359,国新国企人工智能,3009.32,-0.13,-4.05,11554237,53285085571.0,2.1,3040.82,2977.55,2991.29,3013.37,0.72
159,931241,家居家电,1741.99,-0.13,-2.35,7946657,21880085462.0,1.86,1759.47,1726.95,1737.43,1744.34,0.81
160,930621,CSSW高铁,2329.17,-0.14,-3.24,18844087,17276149530.0,1.92,2350.46,2305.74,2312.48,2332.41,0.69
161,950106,上证创新,2412.86,-0.14,-3.47,23992558,39374112212.0,2.05,2437.57,2387.95,2397.39,2416.33,0.71
162,H50042,上红价值,9143.46,-0.14,-12.71,40702958,39221188869.0,1.09,9185.97,9085.76,9124.56,9156.17,0.82
163,H11030,AMAC农林,2680.64,-0.14,-3.65,11032986,10386940609.0,1.54,2702.32,2660.92,2661.29,2684.29,0.55
164,930662,CS现代农,1054.67,-0.14,-1.46,10363580,10594896937.0,1.55,1064.75,1048.34,1049.2,1056.13,0.57
165,930939,500质量成长,22818.46,-0.15,-33.32,37795030,84372023218.0,2.81,23092.96,22450.13,22556.05,22851.78,0.86
166,932306,战略新兴100,2509.32,-0.15,-3.79,58451374,204521254412.0,2.44,2533.98,2472.71,2480.59,2513.11,0.74
167,932039,央企股东回报,1649.1,-0.15,-2.51,35111414,40538381050.0,1.65,1657.43,1630.2,1636.82,1651.61,0.68
168,H30372,中证安全,1997.87,-0.16,-3.27,39121093,66750993118.0,2.27,2018.31,1972.83,1983.08,2001.14,0.86
169,H50010,180公用,2085.47,-0.16,-3.24,6389002,5501031811.0,0.78,2094.24,2077.92,2087.06,2088.71,0.69
170,930938,500成长估值,4872.52,-0.16,-7.66,32399096,65585623768.0,2.32,4925.37,4812.28,4836.22,4880.18,0.72
171,931243,诚通央企ESG,1708.99,-0.16,-2.66,25578999,46192094339.0,1.9,1725.39,1692.94,1698.68,1711.65,0.65
172,000861,央企创新,2679.24,-0.16,-4.41,71584240,110943293907.0,1.67,2699.9,2655.08,2658.75,2683.65,0.69
173,931848,800红利低波,3220.92,-0.16,-5.05,69568549,82173967208.0,0.97,3235.45,3204.21,3214.91,3225.97,0.76
174,931523,SHS动漫游戏,1177.27,-0.16,-1.87,11823031,36323683629.7,3.68,1189.49,1146.11,1163.78,1179.14,0.83
175,931052,国信价值,3696.75,-0.16,-5.76,28716248,72982517627.0,1.72,3730.33,3666.47,3671.75,3702.51,0.78
176,931698,医药50策略,7905.28,-0.16,-12.57,8866608,25795714290.0,1.43,7993.28,7880.24,7924.42,7917.85,1.24
177,932367,500现金流,4138.27,-0.17,-6.91,26847085,33570349577.0,3.46,4197.66,4054.21,4065.68,4145.18,0.83
178,931992,疫苗生物,1228.66,-0.17,-2.15,4200922,8867769544.0,1.61,1242.93,1223.15,1228.03,1230.81,0.88
179,932365,中证现金流,5566.28,-0.17,-9.55,41135977,57142246919.0,1.92,5603.36,5496.33,5501.02,5575.83,0.83
180,H50028,沪信息红,32951.18,-0.17,-55.73,4804864,21250908871.0,2.58,33484.88,32633.63,32747.51,33006.91,0.93
181,H30270,红利价值,9655.0,-0.17,-15.99,39318104,38691564860.0,1.18,9710.76,9596.76,9636.44,9670.99,0.82
182,CESG10,中华博彩指数,3018.75,-0.18,-5.38,621321,1009646347.4,3.01,3026.0,2934.96,2998.55,3024.13,0.76
183,932422,A500红利低波,3121.97,-0.18,-5.59,40615353,61845990543.0,1.07,3135.53,3102.2,3113.83,3127.56,0.72
184,930937,稳健成长,30636.31,-0.18,-53.76,87565128,135597906295.0,1.32,30849.04,30444.39,30561.89,30690.07,0.73
185,931382,智选300 ESG领先,1581.87,-0.18,-2.82,58379783,143042101863.0,1.58,1592.4,1567.32,1571.3,1584.69,0.77
186,932305,智选高股息,11917.72,-0.18,-20.94,14007569,16641754342.0,1.61,12027.81,11835.69,11839.99,11938.66,0.72
187,931231,央企红利50,1787.87,-0.18,-3.24,35250420,38411566301.0,1.75,1797.63,1766.22,1773.36,1791.11,0.68
188,932357,专精特新100,1971.18,-0.18,-3.56,8602028,85154137427.0,2.85,2000.99,1944.7,1957.46,1974.74,0.81
189,H30041,AMAC农副,3188.57,-0.19,-6.13,12361677,11046153400.0,1.13,3211.45,3175.29,3180.91,3194.7,0.83
190,H30052,AMAC石化,1090.23,-0.19,-2.13,8984112,4633771586.0,2.99,1102.06,1069.38,1083.96,1092.36,0.96
191,931554,长江保护,1981.24,-0.19,-3.73,51122649,160707616576.3,1.92,1997.23,1959.06,1966.87,1984.97,0.77
192,931166,医药健康100,4128.55,-0.2,-8.16,14702536,36297305869.0,1.29,4162.85,4109.63,4129.61,4136.71,1.3
193,930791,CS医药TI,9477.98,-0.2,-18.72,35876288,65022652865.0,1.26,9558.89,9439.07,9484.43,9496.7,1.22
194,932308,红利200,2420.15,-0.2,-4.84,87160353,94303880079.0,1.41,2437.09,2402.84,2407.87,2424.99,0.77
195,931588,1000价值稳健,38188.74,-0.2,-77.83,34897629,39001896610.0,1.76,38643.99,37972.34,38050.28,38266.57,0.83
196,932315,中证红利质量,4844.11,-0.21,-9.99,9698937,39360006923.0,1.83,4880.4,4791.66,4796.85,4854.1,0.79
197,930917,SHS高股息,6198.33,-0.21,-12.79,34095150,39084765502.3,1.4,6217.66,6130.85,6166.85,6211.12,0.74
198,931495,工业互联,3421.05,-0.22,-7.41,29688581,116972115931.0,2.59,3459.41,3370.71,3389.67,3428.46,0.81
199,930903,中证A股,4249.92,-0.23,-9.77,1269219355,2131641238156.0,2.04,4288.84,4202.04,4217.39,4259.69,0.86
200,931447,科技先锋,3043.7,-0.23,-7.0,35356987,127415654807.0,2.2,3072.69,3005.45,3021.83,3050.7,0.79
201,931446,东证红利低波,3485.87,-0.23,-8.18,64613911,57705143359.0,1.03,3509.86,3473.92,3486.34,3494.05,0.78
202,931586,300价值稳健,7723.76,-0.24,-18.57,53059121,124976837732.0,1.24,7765.12,7668.83,7687.0,7742.33,0.71
203,H30255,500医药,10587.88,-0.24,-25.2,7294069,15555585447.0,1.53,10697.68,10535.11,10618.44,10613.08,0.99
204,931132,诚通央企红利,1696.99,-0.24,-4.11,34337973,41570353228.0,1.72,1706.42,1677.24,1681.89,1701.1,0.66
205,931053,高股息策略,7780.23,-0.24,-18.6,23519533,30550627892.0,1.46,7832.98,7719.25,7751.94,7798.83,0.65
206,H30062,AMAC专用,4790.06,-0.25,-12.08,35872222,114162526199.0,2.15,4847.09,4743.61,4760.03,4802.14,0.85
207,H50038,沪智慧城,3121.52,-0.25,-7.86,22512057,49162491704.0,2.22,3157.98,3088.49,3098.17,3129.38,0.74
208,931039,银行AH,12448.83,-0.26,-32.49,25399978,21315141514.0,0.98,12466.94,12345.12,12410.01,12481.32,0.93
209,930743,中证生科,3363.9,-0.26,-8.86,5593368,18395035976.0,1.59,3393.45,3339.9,3358.78,3372.76,0.8
210,931409,SHS创新药,2181.07,-0.26,-5.73,6312103,21251069626.0,2.28,2199.66,2149.85,2164.32,2186.8,0.73
211,931406,5G 50,2089.55,-0.27,-5.7,23397830,152576773709.0,3.69,2128.28,2050.93,2069.28,2095.25,0.79
212,950357,科创专精特新,2085.96,-0.27,-5.55,2914965,34041446989.0,2.55,2116.58,2063.26,2070.26,2091.51,0.76
213,931141,CS长三角,2327.53,-0.27,-6.27,90825092,211745808797.0,1.91,2348.95,2304.29,2316.71,2333.8,0.78
214,930955,红利低波100,12009.02,-0.27,-32.65,61683505,76169872100.0,0.95,12075.6,11961.5,12001.22,12041.67,0.79
215,932080,全指可选行业,5795.6,-0.28,-16.56,88493340,147680475799.0,1.75,5844.49,5742.87,5780.46,5812.16,0.97
216,931359,沪深300AUD(CNH),6167.19,-0.29,-17.65,202716477,104742855848.1,1.16,6223.13,6151.39,6179.82,6184.84,0.73
217,932022,中证红利(全)SGD,5893.35,-0.3,-17.5,58707646,11208189094.4,1.26,5934.28,5859.57,5879.09,5910.85,0.76
218,932023,中证红利(净)SGD,5861.66,-0.3,-17.56,58707646,11208189094.4,1.26,5902.36,5828.06,5847.47,5879.22,0.76
219,H30015,800汽车,9641.98,-0.3,-28.95,9117426,26317728567.0,1.83,9728.61,9551.26,9621.87,9670.93,0.85
220,930723,沪港深F100,5111.01,-0.31,-15.82,93616236,178135358408.3,1.49,5126.97,5050.62,5071.43,5126.83,0.72
221,H30124,安中动态,1809.75,-0.31,-5.64,202716477,505759806191.0,1.78,1822.3,1789.94,1794.35,1815.39,0.73
222,931590,500成长创新,28839.17,-0.31,-90.54,24877254,75773370907.0,2.46,29197.04,28484.3,28670.51,28929.71,0.81
223,H50052,上国改革,2040.75,-0.32,-6.47,37103454,83801031108.0,1.62,2051.83,2018.69,2025.24,2047.22,0.67
224,931186,中证科技,6820.55,-0.33,-22.84,27205804,109790735651.0,2.29,6902.68,6746.03,6778.07,6843.39,0.75
225,H30217,医疗器械,10295.05,-0.33,-34.09,6070347,15170174371.0,1.33,10370.87,10233.45,10295.37,10329.14,0.88
226,H30269,红利低波,11262.01,-0.33,-37.0,37941292,38837132216.0,0.94,11324.37,11218.09,11278.86,11299.01,0.82
227,930820,CS高端制,8687.69,-0.33,-29.13,183192812,605436050599.0,2.4,8789.63,8580.86,8622.67,8716.82,0.88
228,932021,中证红利SGD,5586.13,-0.33,-18.22,58707646,11208189094.4,1.26,5624.92,5554.1,5572.61,5604.35,0.76
229,930629,CSSW健康,6104.91,-0.33,-20.24,16900539,46098334349.0,1.57,6160.61,6064.5,6101.92,6125.15,0.92
230,H50037,上证城镇,2421.34,-0.33,-7.98,106972099,185740582990.0,1.69,2441.06,2400.01,2407.6,2429.32,0.78
231,H50039,上证TMT,2657.82,-0.33,-8.69,22632833,109105950010.0,2.55,2693.03,2625.09,2632.53,2666.51,0.8
232,930927,CR基石,12159.24,-0.34,-41.91,168235260,227167690976.0,1.37,12238.07,12071.46,12095.71,12201.15,0.74
233,950580,上证580,2120.19,-0.34,-7.15,129017700,200873880611.0,2.24,2146.98,2099.38,2102.61,2127.34,0.85
234,950222,沪专精特新,1880.98,-0.34,-6.36,8340295,62652662313.0,2.43,1906.4,1860.52,1865.0,1887.34,0.79
235,931008,汽车指数,11691.47,-0.34,-40.33,13897036,34840391727.0,1.07,11756.79,11631.27,11671.68,11731.8,0.85
236,932590,互联互通中国50红利聚,1849.11,-0.34,-6.36,46418358,21353862845.9,1.2,1853.76,1831.48,1844.75,1855.47,0.72
237,931140,医药50,10434.68,-0.35,-36.37,6893176,23667242305.0,1.34,10517.04,10376.68,10427.95,10471.05,1.18
238,931823,国资央企50,1277.74,-0.35,-4.5,39522306,63035433400.0,1.44,1284.99,1266.56,1269.55,1282.24,0.64
239,930965,港股通医药C,3475.82,-0.35,-12.1,6708919,10367587052.5,2.85,3506.21,3406.89,3434.51,3487.92,0.79
240,931461,电子50,5918.76,-0.36,-21.14,24812922,122087534055.0,2.81,5993.49,5826.86,5864.2,5939.9,0.79
241,932004,国新央企综指,1937.43,-0.36,-6.97,155982621,220217945034.0,1.63,1952.37,1920.77,1925.39,1944.4,0.71
242,930792,HK银行,4555.64,-0.36,-16.27,9434387,9617384883.6,1.49,4564.37,4496.36,4514.87,4571.91,0.97
243,932056,海洋经济,3919.35,-0.37,-14.62,93088034,138804234161.2,1.73,3951.63,3883.45,3902.33,3933.97,0.83
244,930782,500SNLV,20239.66,-0.37,-75.14,52930260,68886101104.0,2.13,20458.66,20025.88,20121.88,20314.8,0.7
245,931454,港股通消费,1696.15,-0.37,-6.34,5149247,13798613211.2,1.12,1703.85,1684.72,1691.22,1702.49,1.08
246,930606,中证钢铁,1202.29,-0.37,-4.46,23269561,12296792761.0,2.49,1218.35,1188.26,1195.31,1206.75,0.6
247,H50012,沪长三角,3122.4,-0.37,-11.65,29456305,63534515406.0,1.22,3141.49,3103.34,3120.82,3134.05,0.74
248,930975,港股通医药CCNY,3907.17,-0.38,-14.77,6708919,9211030875.9,2.82,3941.18,3830.49,3859.72,3921.94,0.79
249,931258,东证价值,6646.78,-0.38,-25.5,47325085,69122473554.0,1.8,6700.4,6580.21,6607.54,6672.28,0.56
250,H50006,180医药,5506.84,-0.38,-21.04,1310787,8851509211.0,1.38,5551.33,5475.11,5510.5,5527.88,0.87
251,H30356,800价值,6693.6,-0.38,-25.77,167131737,182639870333.0,1.26,6731.95,6647.61,6667.45,6719.37,0.71
252,H30362,基本300,7058.45,-0.38,-27.16,196471735,344041773857.0,1.41,7104.69,7004.95,7021.42,7085.61,0.71
253,H50017,沪信息业,5828.15,-0.39,-23.01,22771185,109022946245.0,2.57,5898.58,5748.0,5775.58,5851.16,0.8
254,931484,CS医药创新,1462.27,-0.39,-5.72,5447643,19920607384.0,1.24,1473.21,1455.08,1460.52,1467.99,1.26
255,931069,中金300,5052.52,-0.39,-19.99,93718072,141282026363.0,1.13,5081.32,5024.24,5041.48,5072.51,0.77
256,950049,G60成指,1411.98,-0.4,-5.62,11006228,44916410907.0,2.8,1430.0,1390.36,1395.36,1417.6,0.79
257,931455,港股通消费CNY,1906.65,-0.4,-7.69,5149247,12259308912.1,1.1,1915.09,1893.94,1900.6,1914.34,1.08
258,H11146,港股通内地金融,1144.9,-0.4,-4.59,13204035,13879414427.4,1.27,1148.61,1134.02,1136.46,1149.49,0.79
259,931522,央企新动能,1943.64,-0.41,-8.04,12535400,32424266242.0,1.84,1962.16,1926.27,1935.07,1951.68,0.73
260,930928,CR新动能,2278.16,-0.41,-9.43,66277290,228006190942.0,1.86,2300.21,2257.72,2270.17,2287.59,0.78
261,932257,国新央企小盘,1331.65,-0.41,-5.42,43292416,56205328115.0,2.01,1348.13,1321.21,1325.08,1337.07,0.77
262,932585,互联互通中国50红利聚,1211.06,-0.41,-5.03,46418358,130937936117.2,1.32,1214.96,1198.96,1207.04,1216.09,0.72
263,930902,中证数据,3450.29,-0.41,-14.37,22989804,51042293624.0,2.92,3502.71,3401.58,3436.32,3464.66,0.84
264,H50008,180信息,5232.04,-0.41,-21.65,6686205,58711738938.0,2.68,5290.67,5150.02,5184.77,5253.69,0.7
265,950253,国新科创国企,1582.98,-0.42,-6.67,7722594,36465921838.0,2.27,1606.05,1570.04,1573.4,1589.65,0.74
266,950082,上海改革,2608.74,-0.42,-11.12,21585798,24006751837.0,1.23,2624.69,2592.49,2607.05,2619.86,0.74
267,931375,300质量低波,17574.77,-0.42,-74.05,33525294,90203578090.0,2.11,17723.06,17351.09,17353.35,17648.82,0.67
268,931187,科技100,4839.18,-0.42,-20.34,35584437,97430525362.0,2.06,4891.18,4791.08,4814.85,4859.52,0.75
269,931468,红利质量,33881.89,-0.42,-142.39,7148261,53598882883.0,1.73,34268.85,33679.57,33773.28,34024.28,0.84
270,930697,家用电器,12886.7,-0.42,-54.47,12269808,26193357392.0,1.57,12985.09,12781.79,12877.8,12941.17,0.88
271,930850,智能制造,5083.44,-0.42,-21.29,29968034,144596709880.0,2.65,5145.71,5010.27,5039.74,5104.73,0.74
272,931165,新兴科技100,8655.77,-0.43,-37.03,13711565,136937365277.0,2.58,8779.1,8554.56,8612.94,8692.8,0.8
273,932589,互联互通中国50红利聚,1352.58,-0.43,-5.83,46418358,116369959602.2,1.3,1356.82,1339.14,1347.81,1358.41,0.72
274,950096,上海国企,1532.99,-0.43,-6.56,17664943,27883765120.0,1.33,1543.77,1523.34,1531.42,1539.55,0.73
275,931526,企业核心竞争力50,1316.96,-0.43,-5.72,12272480,71997162634.0,2.02,1330.64,1303.91,1312.65,1322.68,0.79
276,133333,MSCIA指数,4167.94,-0.44,-18.52,0,,1.86,4203.65,4125.74,4159.03,4186.46,
277,932593,互联互通中国50红利聚,1346.12,-0.44,-5.99,46418358,116331342488.3,1.3,1350.31,1332.78,1341.29,1352.11,0.72
278,704843,MSCI中国A股国际,2050.19,-0.44,-9.02,0,,1.68,2065.92,2031.32,2046.03,2059.21,
279,932598,互联互通中国50红利聚,1202.39,-0.44,-5.29,46418358,16761599876.0,1.3,1206.24,1190.48,1198.13,1207.68,0.72
280,716567,MSCI中国A股国际通,1257.61,-0.44,-5.53,0,,1.71,1267.41,1245.75,1253.84,1263.14,
281,H50004,180可选,2398.18,-0.45,-10.72,2420360,12114313096.0,1.28,2409.47,2378.58,2398.72,2408.9,0.83
282,931144,通信技术,2379.81,-0.45,-10.79,15399337,134419617736.0,3.71,2433.13,2344.33,2355.9,2390.6,0.85
283,H50027,沪金融红,6579.58,-0.47,-31.14,18710140,13595039483.0,1.4,6644.23,6551.75,6608.6,6610.72,0.78
284,930660,CSSW体育,1719.29,-0.47,-8.04,15640781,26830599588.0,3.48,1743.31,1683.22,1710.25,1727.33,0.83
285,932069,港股通医疗主题,1084.47,-0.48,-5.24,5837322,9140089699.6,2.57,1092.98,1064.93,1074.49,1089.71,0.65
286,930599,中证高装,8564.51,-0.48,-41.4,97994795,397395535339.0,2.46,8667.84,8456.27,8503.17,8605.91,0.81
287,H50015,沪西部,7104.12,-0.49,-35.33,26246578,48611894531.0,1.23,7152.53,7064.99,7082.66,7139.45,0.68
288,930652,CS电子,9972.87,-0.49,-48.98,39778105,172370384153.0,2.65,10099.03,9833.87,9901.16,10021.85,0.79
289,H50033,沪城消费,2007.13,-0.5,-10.05,13725639,65928054305.0,1.22,2018.07,1993.56,2008.32,2017.18,0.9
290,931238,SSH黄金股票,3982.02,-0.5,-19.98,37670037,76446840153.8,5.98,4045.0,3805.87,3815.48,4002.0,0.94
291,H30463,沪港深500医药,8060.08,-0.5,-40.59,8737858,27049694886.7,1.69,8111.96,7975.12,8015.26,8100.67,0.86
292,931559,苏银理财长三角,2815.29,-0.5,-14.1,14224010,92936102951.0,2.34,2854.79,2788.54,2801.06,2829.39,0.88
293,950107,380创新,3906.95,-0.5,-19.6,14165108,47170790085.0,2.58,3965.16,3863.68,3887.94,3926.55,0.77
294,933000,沪深300(净)HKD(CNH),7946.63,-0.5,-39.84,202716477,569359101804.7,1.56,8006.96,7882.67,7912.74,7986.47,0.73
295,931589,300成长创新,9312.92,-0.51,-47.88,48361490,189218564855.0,1.63,9383.88,9231.02,9259.5,9360.8,0.7
296,931865,中证半导,5473.05,-0.51,-28.22,4875182,51307186574.0,2.53,5561.34,5422.38,5454.29,5501.27,0.82
297,931021,家电龙头,18101.1,-0.51,-93.26,6012869,18429179186.0,1.54,18236.65,17956.73,18108.63,18194.36,0.78
298,931157,SHS红利成长LV,7654.15,-0.52,-39.65,36621739,53033198386.1,0.88,7694.21,7626.3,7670.0,7693.8,0.78
299,931234,长三角示范区50,2533.09,-0.52,-13.26,10262228,26334654726.0,2.96,2570.19,2494.87,2508.78,2546.35,0.82
300,930620,CSSW丝路,1663.46,-0.53,-8.82,24587816,132961750750.0,1.39,1674.97,1651.69,1657.85,1672.28,0.76
301,930726,CS生医,2464.27,-0.53,-13.04,2767564,13194550466.0,1.49,2485.61,2448.74,2466.63,2477.31,0.76
302,H11046,AMAC金融,4321.2,-0.53,-23.1,69953840,75176037182.0,1.02,4348.42,4304.18,4331.85,4344.3,0.79
303,H30094,消费红利,38240.89,-0.55,-210.12,7422156,31518916343.0,1.11,38534.93,38108.18,38288.2,38451.01,0.8
304,H30531,精工制造,4090.45,-0.55,-22.44,107196324,283597732968.0,2.24,4138.64,4046.43,4067.9,4112.89,0.77
305,930749,沪深300USD(CNH),5487.28,-0.55,-30.55,202716477,72892632051.9,1.54,5528.21,5443.38,5463.67,5517.83,0.73
306,930648,CS智消费,3623.7,-0.55,-20.01,40730856,143296280379.0,2.24,3663.08,3581.58,3608.09,3643.71,0.8
307,931494,消费电子,5048.48,-0.55,-27.72,25484340,109062692189.0,3.03,5123.3,4969.57,5009.27,5076.2,0.77
308,932607,中新亚洲100,2140.43,-0.55,-11.92,45088811,167484652972.5,1.69,2148.78,2112.31,2135.81,2152.35,0.73
309,CES280,中华280,8392.4,-0.55,-46.36,136294416,309333846759.3,1.9,8456.94,8297.02,8329.31,8438.76,0.74
310,932601,中新亚洲100红利聚焦,1646.67,-0.55,-9.05,46418358,116331342488.3,0.9,1649.81,1634.85,1648.03,1655.72,0.72
311,H30058,AMAC钢铁,1593.13,-0.56,-9.0,18793886,7290846783.0,2.0,1612.75,1580.67,1590.39,1602.13,0.56
312,931697,消费50策略,8604.8,-0.56,-48.08,12561273,57096163808.0,1.17,8666.28,8565.28,8612.45,8652.88,0.76
313,930748,沪深300USD,5485.8,-0.56,-30.69,202716477,72872907420.1,1.55,5527.19,5441.76,5460.45,5516.49,0.73
314,931842,半导体15USD,4509.9,-0.57,-25.73,2655711,6284876863.7,2.54,4566.18,4451.02,4475.47,4535.63,0.67
315,931142,东证竞争,1920.19,-0.57,-10.96,39158070,226119428962.0,1.68,1938.61,1906.11,1914.28,1931.15,0.74
316,H50025,沪消费红,36848.85,-0.57,-209.45,4238547,19437255430.0,1.06,37169.82,36778.03,36955.71,37058.3,0.79
317,931718,高端造质量成长50,2880.98,-0.57,-16.52,25017797,176222452562.0,2.46,2918.96,2847.6,2865.24,2897.5,0.75
318,931381,中证长三角,2061.16,-0.57,-11.92,45220162,113384634101.0,0.96,2074.88,2054.92,2063.99,2073.08,0.73
319,930738,四川国改,2747.54,-0.58,-15.89,15111143,25031948452.0,1.5,2774.2,2732.75,2744.59,2763.43,0.83
320,930050,中证A50,1785.14,-0.58,-10.47,42642694,160341993691.0,1.53,1798.26,1770.75,1777.03,1795.61,0.7
321,H30042,AMAC食品,11019.79,-0.58,-64.22,8480105,12676516901.0,1.05,11121.11,11004.92,11065.08,11084.01,1.03
322,932597,中新亚洲100USD,1914.01,-0.58,-11.22,45088811,24132026223.5,1.71,1921.67,1888.76,1910.44,1925.23,0.73
323,932578,中新亚洲100红利聚焦S,1416.06,-0.58,-8.21,46418358,21358434480.8,0.88,1419.24,1406.67,1419.16,1424.27,0.72
324,932600,中新亚洲100SGD,1840.67,-0.58,-10.8,45088811,30750182285.7,1.6,1847.13,1817.48,1839.2,1851.47,0.73
325,932583,中新亚洲100红利聚焦U,1472.48,-0.58,-8.53,46418358,16761601482.4,0.91,1475.44,1461.92,1474.13,1481.01,0.72
326,H11110,香港F50,2360.82,-0.58,-13.7,22890611,77433191182.3,1.64,2368.43,2329.57,2336.71,2374.52,0.69
327,931463,300 ESG,1255.03,-0.59,-7.5,156658648,399577517022.0,1.41,1263.88,1246.06,1250.62,1262.53,0.74
328,950081,180碳效,1863.06,-0.59,-10.98,129493432,262308639097.0,1.35,1874.82,1849.54,1853.93,1874.04,0.71
329,931793,半导体15,5049.01,-0.59,-29.72,2655711,43618928032.0,2.52,5111.53,4983.52,5011.38,5078.73,0.67
330,930746,港中小企,2866.02,-0.6,-17.27,24780186,27290576210.1,1.9,2886.96,2832.08,2857.75,2883.29,0.63
331,931834,华福福建100,2050.19,-0.6,-12.4,34327646,88763923441.0,2.11,2070.66,2027.13,2030.85,2062.59,0.98
332,H30057,AMAC矿物,6686.6,-0.61,-41.29,23373194,35402002344.0,2.11,6765.9,6624.01,6688.67,6727.89,0.76
333,932447,中新亚洲100红利聚焦H,1483.4,-0.61,-9.13,46418358,130934415910.8,0.93,1486.44,1472.56,1485.13,1492.53,0.72
334,932603,中新亚洲100HKD,1928.2,-0.62,-12.01,45088811,188509001460.1,1.73,1935.99,1902.48,1924.69,1940.21,0.73
335,931088,180 ESG,1399.72,-0.62,-8.71,121854603,226983166673.0,1.31,1408.54,1390.06,1393.92,1408.43,0.71
336,H30022,800银行,7148.75,-0.62,-44.37,34296840,26528732586.0,1.32,7204.62,7109.58,7172.89,7193.12,0.82
337,931743,半导体材料设备,5981.96,-0.62,-37.27,4253034,34420271937.0,2.37,6089.23,5946.37,5971.91,6019.23,0.82
338,932084,全指信息行业,8539.28,-0.62,-52.98,114293912,387625958284.0,2.53,8657.88,8440.44,8496.15,8592.26,0.82
339,H30257,500信息,11409.83,-0.62,-70.93,23057660,86751909700.0,2.61,11592.13,11292.66,11373.3,11480.76,0.83
340,H30066,AMAC电子,8452.61,-0.63,-53.75,121390436,454166713115.0,2.77,8586.93,8351.71,8402.51,8506.36,0.86
341,931476,ESG 120策略,1397.99,-0.63,-8.86,81710167,252266527184.0,1.51,1408.75,1387.53,1392.54,1406.85,0.7
342,932083,全指金融行业,8837.93,-0.63,-56.45,59494461,63425845640.0,1.02,8891.1,8800.21,8856.79,8894.38,0.76
343,931785,智选沪深港科技50,2387.77,-0.63,-15.24,17280052,107977854357.2,2.06,2413.89,2364.3,2378.31,2403.01,0.72
344,931442,SHS科技100,10517.37,-0.64,-67.91,36323226,96699092187.6,1.91,10609.11,10406.43,10432.04,10585.28,0.73
345,H30086,800金融,6803.36,-0.64,-43.54,58929192,63061654208.0,1.03,6844.7,6774.12,6817.9,6846.9,0.76
346,H50007,180金融地产,5337.24,-0.64,-34.37,40247479,43406377509.0,1.19,5373.53,5309.74,5348.98,5371.61,0.76
347,932068,长寿经济,2617.23,-0.64,-16.89,14597023,65916817836.0,0.98,2631.92,2606.22,2622.51,2634.12,0.83
348,931133,经济蓝筹,9168.03,-0.64,-58.6,244843783,495662327613.0,1.42,9239.77,9108.81,9150.81,9226.63,0.76
349,931799,国寿资产ESG绿色低碳1,1323.02,-0.64,-8.52,62547535,182370341885.0,1.54,1331.95,1311.5,1316.75,1331.54,0.77
350,931725,中华联合优质成长,9044.34,-0.64,-58.4,126716279,426976205143.0,1.92,9135.79,8960.83,9001.65,9102.74,0.79
351,H30045,AMAC服装,1791.18,-0.64,-11.49,4796950,4243294504.0,1.16,1808.22,1787.34,1794.93,1802.67,0.87
352,932431,300质量,2040.99,-0.65,-13.29,39285352,92855194624.0,1.11,2051.77,2028.92,2041.67,2054.28,0.7
353,931695,成渝经济圈,2418.82,-0.65,-15.91,27463608,75622383548.0,1.62,2444.25,2404.85,2416.91,2434.73,0.8
354,931802,中证龙头,1845.73,-0.65,-12.0,33475188,180911388892.0,1.54,1859.85,1831.19,1838.55,1857.73,0.7
355,932075,全指金融,9065.49,-0.65,-59.49,42993382,50029053066.0,1.12,9126.34,9023.72,9086.86,9124.98,0.76
356,931687,证券时报价值100,1788.14,-0.65,-11.7,44782816,144805062633.0,1.29,1799.56,1776.27,1783.29,1799.84,0.69
357,SHHKSI,沪港精明,12492.73,-0.66,-83.47,0,24841000000.0,1.59,12543.82,12343.26,12385.23,12576.2,
358,950105,上证证券,1359.53,-0.66,-9.02,14287164,17387889837.0,1.07,1371.27,1356.64,1361.51,1368.55,0.7
359,H30178,医疗保健,14373.62,-0.66,-96.16,11242821,20337857704.0,1.3,14484.47,14295.71,14389.86,14469.78,0.96
360,H30588,中证证保,1108.5,-0.66,-7.42,22133056,34939824529.0,1.12,1117.66,1105.15,1109.8,1115.92,0.69
361,950092,上证180优选,6490.97,-0.67,-44.09,89124107,198005796972.6,1.59,6533.05,6429.24,6459.13,6535.06,0.71
362,CESA80,中华 A80,8105.73,-0.67,-54.42,71502144,201663143668.0,1.36,8159.99,8049.11,8089.85,8160.15,0.71
363,931079,5G通信,1906.95,-0.67,-12.95,30169783,167659211029.0,3.75,1945.89,1873.88,1893.31,1919.9,0.93
364,931477,华夏银行ESG,1452.09,-0.67,-9.79,77635720,235115662258.0,1.58,1463.6,1440.55,1446.27,1461.88,0.68
365,H30035,300非银,10969.76,-0.68,-75.55,12211516,25649216086.0,1.12,11051.14,10927.75,10982.27,11045.31,0.65
366,931479,证券保险,1052.8,-0.69,-7.33,13682657,26354239946.0,1.15,1061.28,1049.08,1054.21,1060.13,0.65
367,931840,大盘蓝筹25USD,1598.69,-0.69,-11.06,25087795,15592223440.4,1.63,1611.1,1584.86,1593.26,1609.75,0.71
368,930725,CS车联网,1500.36,-0.69,-10.46,9349645,38802298593.0,1.87,1515.8,1487.52,1499.05,1510.82,0.76
369,931591,1000成长创新,35007.02,-0.7,-245.51,26881939,73849238178.0,2.3,35545.53,34734.01,34874.78,35252.53,1.0
370,H30318,科技传媒通信150,3164.84,-0.7,-22.41,46992666,276120714530.0,2.87,3217.07,3125.74,3146.42,3187.25,0.8
371,930767,沪深300优选,6346.15,-0.7,-44.94,149751262,416879485450.5,1.62,6393.42,6289.88,6317.72,6391.09,0.73
372,H11043,AMAC交运,1851.12,-0.7,-13.02,27423779,20079620434.0,0.91,1861.12,1844.16,1855.31,1864.14,0.74
373,931380,科技50,3174.82,-0.7,-22.36,19839788,119029795565.0,2.42,3216.56,3139.08,3162.05,3197.18,0.76
374,931696,科技50策略,20564.97,-0.71,-147.39,21943601,163514037783.0,2.64,20875.19,20328.86,20493.18,20712.36,0.75
375,930651,CS计算机,8190.55,-0.71,-58.62,21366779,59923573549.0,2.29,8300.41,8111.36,8185.51,8249.17,0.8
376,931791,大盘蓝筹25,1789.8,-0.71,-12.71,25087795,108214701233.0,1.62,1803.54,1774.32,1784.04,1802.51,0.71
377,931268,持续发展,2218.3,-0.71,-15.77,46944945,211056778906.0,1.3,2234.43,2205.38,2212.85,2234.07,0.72
378,930957,港股通中国100,3879.34,-0.71,-27.78,35186225,101447876415.3,1.79,3904.31,3834.47,3837.85,3907.12,0.75
379,931647,兴银理财均衡300,6869.05,-0.72,-49.6,146708751,426334027777.0,1.6,6929.33,6818.8,6844.58,6918.65,0.73
380,931598,中银证券300 ESG,1506.61,-0.72,-10.93,202716477,505759806191.0,1.34,1517.3,1497.02,1503.41,1517.54,0.73
381,930716,CS物流,1207.23,-0.73,-8.9,15269229,11774021834.0,1.2,1215.3,1200.65,1208.34,1216.13,0.67
382,H30192,食品,5756.15,-0.73,-42.45,11715784,16099532591.0,0.98,5808.45,5751.68,5773.95,5798.6,0.97
383,H30171,运输指数,1639.9,-0.74,-12.3,27184009,20099581013.0,0.95,1649.85,1634.11,1643.8,1652.2,0.71
384,930999,SHS大湾区,1588.77,-0.75,-12.05,37626335,134057977912.9,1.71,1600.15,1572.79,1580.28,1600.82,0.76
385,930967,港股通信息C,4566.13,-0.75,-34.63,10481498,18049030866.5,2.67,4613.51,4490.46,4507.31,4600.76,0.72
386,932153,港股通价值策略,1123.48,-0.75,-8.51,86168971,89648252186.2,1.53,1127.72,1110.37,1115.38,1131.99,0.72
387,H50035,沪智交通,2431.75,-0.76,-18.56,8533000,20991395618.0,2.27,2464.35,2408.64,2422.85,2450.31,0.75
388,931412,证券公司30,1582.03,-0.76,-12.11,13581606,20014264765.0,0.99,1595.46,1579.7,1585.72,1594.14,0.64
389,H50020,上红潜力,7193.23,-0.76,-54.93,10262328,56970005087.0,1.5,7256.75,7148.16,7214.55,7248.16,0.76
390,H11144,HKT内地消费,1210.36,-0.76,-9.33,14518745,43584247404.8,1.44,1218.85,1201.32,1202.47,1219.69,0.9
391,H11120,香港中盘精选,3062.97,-0.77,-23.92,21081467,21923549080.6,1.86,3083.15,3025.83,3042.48,3086.89,0.76
392,931402,证券先锋,2042.96,-0.77,-15.92,20873234,27346913651.0,0.97,2061.19,2041.15,2048.13,2058.88,0.7
393,931160,通信设备,15301.24,-0.77,-118.51,18858319,125960416030.0,3.31,15632.76,15121.96,15213.41,15419.75,0.85
394,931067,绩优策略,7645.38,-0.79,-61.22,22390748,162457071327.0,2.0,7726.06,7572.18,7600.39,7706.6,0.76
395,931573,港股通科技,3193.62,-0.8,-25.64,14873440,67511996872.1,2.42,3227.32,3149.31,3149.31,3219.26,0.76
396,950125,科创半导体材料设备,2480.37,-0.8,-20.06,2133463,19873997964.0,2.32,2527.16,2469.15,2481.85,2500.43,0.78
397,931456,中国教育,1243.8,-0.81,-10.12,5130561,7207468095.0,1.32,1254.04,1237.46,1254.03,1253.92,0.59
398,931582,数字经济,1531.0,-0.81,-12.56,11540031,88745729365.0,1.96,1547.9,1517.57,1526.24,1543.56,0.71
399,H50003,180工业,1937.5,-0.82,-15.98,38541116,45437640546.0,1.19,1952.45,1929.11,1940.26,1953.48,0.71
400,H11123,香港内地50,3027.05,-0.83,-25.45,21912507,91330130844.5,1.84,3046.66,2990.49,2992.73,3052.5,0.79
401,932066,半导体行业精选,4317.39,-0.83,-35.98,6605664,71997191342.0,2.3,4373.04,4272.88,4299.63,4353.37,0.69
402,H50019,上红回报,7664.93,-0.83,-64.48,21956602,55824992548.0,1.23,7723.23,7628.42,7699.9,7729.41,0.81
403,CESHKM,中华香港内地指数,6891.27,-0.83,-57.75,19461765,84245577941.3,1.79,6935.74,6811.05,6816.44,6949.02,0.8
404,931465,300 ESG领先,1175.72,-0.84,-9.98,59810914,187074952423.0,1.28,1183.52,1168.38,1176.29,1185.7,0.71
405,931788,中韩50,2466.25,-0.84,-20.88,0,,2.58,2477.9,2413.76,2441.03,2487.13,
406,931023,北京50,1835.61,-0.84,-15.59,33736140,54712200651.0,1.94,1858.12,1822.18,1839.23,1851.2,0.77
407,932263,苏州园区,3553.57,-0.85,-30.41,5909328,34581286382.5,2.08,3604.22,3529.54,3542.59,3583.98,0.85
408,931395,沪港深300,1730.37,-0.85,-14.78,190641039,519511098659.3,1.45,1741.99,1716.72,1722.03,1745.15,0.73
409,931009,建筑材料,7103.66,-0.86,-61.71,12022264,11184238903.0,2.06,7224.06,7076.43,7137.82,7165.37,0.82
410,H11049,AMAC文体,1346.97,-0.87,-11.79,21609912,25551233229.0,3.45,1368.59,1321.67,1350.38,1358.76,0.95
411,H50014,沪中部,4457.12,-0.87,-39.32,34066441,52563524659.0,2.21,4500.98,4401.63,4401.63,4496.44,0.78
412,H30089,红利潜力,10016.77,-0.88,-89.3,9466640,82763224299.0,1.56,10126.01,9968.65,10062.49,10106.07,0.77
413,930608,中证基建,8754.09,-0.9,-79.82,28219634,19061916495.0,1.24,8830.31,8720.89,8770.91,8833.91,0.66
414,H30455,沪港深500,2698.47,-0.91,-24.85,273478705,693369306153.4,1.53,2716.31,2674.55,2681.8,2723.32,0.74
415,931593,科技领先,3669.68,-0.91,-33.78,20270549,162411388886.0,2.61,3729.89,3633.27,3661.81,3703.46,0.86
416,931480,线上消费,942.24,-0.92,-8.78,34122025,58511674285.0,3.75,959.09,923.41,941.97,951.02,0.83
417,H50029,沪通信红,11861.1,-0.93,-111.39,4135119,4376118037.0,1.5,11984.94,11804.93,11934.11,11972.49,0.57
418,H11044,AMAC信息,3738.59,-0.93,-35.24,91084981,189764019004.0,2.59,3790.81,3692.94,3734.8,3773.83,0.82
419,931027,港股通大消费,3252.14,-0.93,-30.37,10632357,43240275011.0,1.71,3278.19,3222.2,3224.08,3282.51,0.78
420,CES120,中华120,6952.89,-0.94,-66.02,90963908,276510706160.2,1.39,6998.63,6900.91,6911.42,7018.91,0.73
421,950090,50AH优选,6357.66,-0.94,-60.45,29474962,95039603642.8,1.4,6394.16,6304.6,6334.68,6418.11,0.69
422,931134,AH经济蓝筹,7090.38,-0.94,-66.93,255654761,557929977932.5,1.33,7139.86,7044.98,7058.15,7157.31,0.75
423,H11121,富国多空,60848.63,-0.96,-592.85,66076821,255075617866.0,1.14,61317.67,60615.89,60906.04,61441.48,0.77
424,931087,科技龙头,5329.11,-0.96,-51.46,21167770,145768762492.0,2.59,5411.68,5272.59,5315.91,5380.57,0.72
425,930721,CS智汽车,5793.76,-0.96,-56.42,10454312,41300935876.0,1.99,5864.81,5748.55,5795.39,5850.18,0.77
426,930986,金融科技,3069.78,-0.96,-29.83,10828421,28884045780.0,1.84,3114.2,3057.08,3076.29,3099.61,0.95
427,H30184,半导体,9908.46,-0.96,-96.2,13997329,108505674783.0,2.28,10047.1,9818.56,9877.72,10004.66,0.7
428,931643,科创创业50,1971.17,-0.97,-19.33,14729778,142422453222.0,2.62,1999.11,1946.98,1964.28,1990.5,0.88
429,931247,中证信创,1546.15,-0.97,-15.18,9094220,33167041976.0,2.3,1567.84,1531.88,1546.64,1561.33,0.76
430,931877,科创创业50净收益,2046.86,-0.97,-20.07,14729778,142422453222.0,2.62,2075.87,2021.74,2039.7,2066.93,0.88
431,930851,云计算,6827.66,-0.99,-68.48,22191248,87439158147.0,2.76,6941.47,6750.81,6830.26,6896.14,0.84
432,H30007,芯片产业,3380.48,-0.99,-33.9,10613855,82881519450.0,2.33,3425.57,3345.96,3369.45,3414.38,0.73
433,931159,创新100,3500.7,-0.99,-35.02,23108779,153791581475.0,2.0,3545.67,3474.8,3498.21,3535.72,0.75
434,931357,优选消费50,2966.68,-0.99,-29.52,9594890,71455682146.4,0.79,2988.24,2964.66,2967.95,2996.2,0.74
435,931235,中证电信,2667.93,-0.99,-26.76,25571523,123240498978.0,1.89,2707.53,2656.56,2668.21,2694.69,0.8
436,932537,互联互通中国50SGD,2043.43,-0.99,-20.4,45088811,30746279947.9,1.18,2055.19,2030.83,2036.0,2063.83,0.73
437,931524,SHS科技龙头,2636.47,-1.0,-26.59,28197305,131915631546.1,2.01,2662.73,2609.07,2618.68,2663.06,0.74
438,H11045,AMAC批零,1864.88,-1.0,-18.86,42579629,46263941954.0,1.33,1883.63,1858.49,1870.38,1883.74,0.96
439,H50023,沪工业红,9152.5,-1.01,-93.64,8550700,6985950539.0,0.86,9232.09,9152.5,9210.03,9246.14,0.66
440,931167,先进制造100,8205.37,-1.01,-83.43,15954641,50382806371.0,1.47,8275.41,8153.24,8214.94,8288.8,0.7
441,H50045,180两倍,3021.47,-1.02,-31.17,132823298,265723203715.0,3.03,3062.0,2969.48,2988.19,3052.64,0.71
442,931403,品牌工程,2007.34,-1.03,-20.99,28035581,151350625710.0,1.19,2024.81,2000.6,2012.43,2028.33,0.8
443,H30037,AMAC商务,3865.38,-1.03,-40.34,40720129,45082090991.0,2.76,3916.78,3808.92,3864.75,3905.72,0.79
444,931574,港股科技,1714.5,-1.04,-17.95,15209613,72929707236.7,2.28,1730.91,1691.45,1691.45,1732.45,0.76
445,H50034,沪城基建,1296.04,-1.05,-13.7,36009767,22939855294.0,1.09,1309.16,1294.82,1300.23,1309.74,0.67
446,930661,CSSW互金,3624.22,-1.05,-38.28,35397122,42893381686.0,1.19,3653.35,3609.69,3624.93,3662.5,1.06
447,990001,中华半导体芯片,12935.63,-1.05,-137.24,11589666,83426731042.0,2.3,13108.02,12807.61,12902.96,13072.87,0.72
448,CES300,中华沪深港300,5419.69,-1.06,-58.18,175694379,491257082667.8,1.42,5454.88,5376.97,5392.03,5477.87,0.72
449,932258,亚洲新兴市场科技USD,4499.1,-1.07,-48.81,21167770,21003237912.4,1.33,4535.86,4475.33,4513.4,4547.91,0.72
450,932444,互联互通中国50HKD,1440.1,-1.07,-15.61,45088811,188514134721.2,1.32,1449.3,1430.05,1433.62,1455.71,0.73
451,932081,全指消费行业,13399.16,-1.08,-146.35,37660165,66022114168.0,1.36,13564.48,13379.94,13488.48,13545.51,0.71
452,H50013,沪珠三角,10741.72,-1.08,-117.53,41131045,84011733539.0,1.55,10816.95,10648.43,10671.07,10859.25,0.93
453,932085,全指通信行业,10836.13,-1.08,-118.75,110328743,246835987059.0,3.16,11046.72,10700.82,10821.02,10954.88,0.83
454,932501,互联互通中国50人民币,1613.2,-1.08,-17.6,45088811,167623368500.7,1.31,1623.4,1602.09,1605.69,1630.8,0.73
455,932536,航运发展,2488.28,-1.09,-27.31,23317082,24579683567.0,1.07,2509.86,2482.93,2498.96,2515.59,0.74
456,931228,亚洲新兴市场科技,5013.36,-1.09,-55.3,21167770,145768762492.0,1.32,5053.99,4987.3,5030.2,5068.66,0.72
457,931596,SHS张江50,1994.21,-1.09,-22.0,13770811,52594621206.5,1.86,2020.27,1982.85,1993.37,2016.21,0.82
458,932087,集成电路,1201.58,-1.1,-13.36,11247497,85117840223.0,2.57,1217.89,1186.67,1197.28,1214.94,0.66
459,932592,互联互通中国50,1600.7,-1.1,-17.83,45088811,167484652972.5,1.29,1610.75,1589.81,1593.06,1618.53,0.73
460,932462,互联互通中国50USD,1429.75,-1.1,-15.85,45088811,24132020459.1,1.3,1438.87,1420.01,1423.09,1445.6,0.73
461,H30182,计算机,7938.8,-1.1,-88.37,36280625,77983987605.0,2.44,8066.72,7870.9,7959.58,8027.17,0.85
462,H30552,沪港深通TMT,5458.91,-1.11,-61.29,241676546,668443667291.1,2.3,5529.08,5402.01,5430.95,5520.2,0.81
463,H11042,AMAC建筑,1650.92,-1.14,-18.96,31070505,21334675778.0,1.01,1667.31,1650.42,1658.98,1669.88,0.68
464,H30535,互联网,5079.94,-1.15,-59.23,39763764,143254088081.0,2.81,5174.1,5029.77,5081.24,5139.17,0.82
465,H30403,300日报酬两倍,2912.97,-1.15,-33.85,202716477,505759806238.0,3.06,2956.72,2866.44,2886.95,2946.82,0.73
466,H30082,300两倍,1304.01,-1.16,-15.32,202716477,505759806238.0,3.06,1323.6,1283.18,1292.36,1319.33,0.73
467,930821,中证VR,3269.07,-1.16,-38.23,34526762,69812048039.0,2.68,3313.6,3225.0,3265.95,3307.3,0.83
468,930720,CS互医疗,2721.05,-1.17,-32.35,6884480,7631715036.0,1.45,2755.86,2716.05,2740.53,2753.4,0.93
469,931852,每经品牌100,1121.74,-1.2,-13.6,72198534,167388349292.2,1.64,1134.95,1116.3,1134.94,1135.34,0.68
470,931469,云计算50,3828.23,-1.2,-46.48,23230587,85737848900.0,3.16,3901.42,3778.95,3832.42,3874.71,0.89
471,CESCPD,中华内房股,1369.9,-1.21,-16.8,7454172,2508038300.0,1.21,1377.88,1361.08,1374.45,1386.7,0.4
472,931775,房地产,3086.42,-1.22,-38.19,34087723,18491949169.0,1.37,3118.52,3075.58,3101.54,3124.61,0.72
473,930712,CS物联网,4252.15,-1.22,-52.39,15084457,87625698458.0,2.03,4310.93,4223.38,4257.38,4304.54,0.71
474,930930,港股综合,3851.76,-1.24,-48.26,102950750,166279321600.1,1.66,3876.2,3811.48,3824.85,3900.02,0.72
475,H11047,AMAC地产,1676.97,-1.24,-21.0,34163660,18082062551.0,1.36,1694.91,1671.76,1685.96,1697.97,0.72
476,932094,软件开发,947.99,-1.24,-11.87,21025207,50303530894.0,2.18,963.29,942.34,952.12,959.86,0.82
477,931752,工程机械主题,2756.36,-1.25,-34.93,10197252,16764415513.0,1.82,2786.31,2735.39,2766.96,2791.29,0.71
478,H50053,上证移动,3227.91,-1.26,-41.21,17347027,56838868453.0,2.28,3270.7,3196.3,3229.87,3269.12,0.85
479,H11164,香港300,2400.88,-1.26,-30.6,68094678,152998480021.4,1.63,2415.61,2375.98,2383.09,2431.48,0.71
480,931139,CS消费50,16081.56,-1.26,-205.67,9633429,40974104155.0,1.62,16320.18,16057.0,16237.06,16287.23,0.83
481,932152,港股通成长策略,1352.55,-1.27,-17.41,59898585,129594833860.6,1.91,1363.73,1337.59,1341.9,1369.96,0.78
482,H50069,港股通,3873.27,-1.28,-50.24,102950750,166279321600.1,1.66,3898.68,3833.69,3846.74,3923.51,0.72
483,931575,SHS物联网,5134.99,-1.28,-66.65,19221958,103753220055.6,1.82,5195.32,5100.4,5128.53,5201.64,0.67
484,931663,SHS消费龙头,2072.53,-1.28,-26.91,9728883,62547588686.8,0.83,2087.36,2069.92,2078.36,2099.44,0.82
485,CESP50,中华港股通优选50,3325.18,-1.28,-42.96,21133246,91276921014.1,1.5,3343.79,3293.32,3301.53,3368.14,0.82
486,931855,通用航空,1372.73,-1.29,-17.88,14827773,40542510970.0,2.53,1399.93,1364.78,1377.35,1390.61,0.87
487,931583,SHS数字经济,1825.44,-1.3,-24.02,21806096,122537552964.6,1.67,1842.94,1812.0,1816.13,1849.46,0.72
488,H11152,内地民营,1570.4,-1.31,-20.92,11729970,74451577143.8,1.74,1582.86,1555.2,1556.24,1591.32,0.72
489,931068,消费龙头,12652.27,-1.31,-167.73,11143331,46442808269.0,1.44,12826.18,12641.17,12777.53,12820.0,0.79
490,H30365,文娱传媒,1119.55,-1.32,-15.0,49830488,78271001207.0,3.81,1139.75,1096.47,1121.0,1134.55,0.83
491,932216,香港100净收益,4434.16,-1.33,-59.6,34974281,119781243064.3,1.56,4460.35,4390.29,4401.16,4493.76,0.76
492,H11100,香港100,2354.97,-1.33,-31.66,34974281,119781243064.3,1.56,2368.88,2331.67,2337.45,2386.63,0.76
493,H50054,上证休闲,891.66,-1.33,-11.98,17263627,23481725826.0,2.63,904.41,880.65,895.1,903.64,0.83
494,H11143,港股通内地地产,346.27,-1.34,-4.69,7465768,2510989706.9,1.22,348.51,344.24,347.37,350.96,0.4
495,932076,全指地产,3025.77,-1.34,-41.2,26061424,14418004137.0,1.31,3058.41,3018.13,3043.11,3066.97,0.69
496,930790,CS娱乐TI,1609.55,-1.36,-22.26,76418042,105254697608.0,3.42,1635.84,1580.11,1613.36,1631.81,0.82
497,931646,SHS新消费,1886.15,-1.37,-26.14,18824626,78122084981.7,1.81,1902.88,1868.31,1877.48,1912.29,0.85
498,931580,SHS游戏传媒,884.08,-1.38,-12.35,45971400,81455770211.8,3.24,897.35,868.3,882.36,896.43,0.79
499,931585,卫星导航,1137.32,-1.39,-16.03,18066412,60842043502.0,2.7,1165.28,1134.11,1139.84,1153.35,0.89
500,930931,港股通50,4014.91,-1.39,-56.48,19377026,89930298692.0,1.49,4037.4,3976.73,3988.15,4071.39,0.85
501,H30332,香港50,2395.97,-1.41,-34.32,19346066,95362626694.7,1.47,2409.28,2373.5,2379.98,2430.29,0.85
502,931404,SHS品牌消费50,2772.18,-1.41,-39.52,8020621,62420674342.8,1.12,2800.35,2768.75,2786.06,2811.7,0.78
503,930653,CS食品饮,15408.36,-1.42,-222.54,15150066,42340974460.0,1.75,15668.56,15395.43,15579.62,15630.9,0.83
504,930601,中证软件,6534.85,-1.44,-95.18,9218793,26893590027.0,2.19,6641.43,6496.29,6575.89,6630.03,0.73
505,H30202,软件指数,15504.4,-1.44,-226.52,11555059,32902487528.0,2.11,15758.63,15426.95,15597.41,15730.92,0.79
506,950162,科创芯片设计,2070.88,-1.48,-31.11,3845132,46013777400.0,2.48,2101.51,2049.29,2069.5,2101.99,0.72
507,H30047,AMAC木材,4978.17,-1.49,-75.35,5858310,6939469797.0,5.22,5214.52,4950.81,5091.73,5053.52,1.81
508,H11136,中国互联网,5169.05,-1.54,-80.9,5362418,42701957345.6,2.05,5251.32,5143.56,5251.19,5249.95,0.8
509,930625,SHS互联网,3092.0,-1.54,-48.33,29507080,95474297337.9,1.77,3120.99,3065.28,3083.76,3140.33,0.78
510,931481,SHS线上消费,1185.36,-1.54,-18.53,31708303,87114742738.4,2.37,1198.39,1169.89,1182.49,1203.89,0.82
511,931271,通信设备主题,3591.52,-1.55,-56.53,15626913,110932691386.0,2.9,3676.07,3570.12,3599.03,3648.05,0.79
512,H50018,上证文化,1496.33,-1.55,-23.57,17055367,22497281335.0,2.88,1518.85,1475.02,1504.0,1519.9,0.84
513,931789,中韩新能车,4529.09,-1.55,-71.36,0,,2.78,4561.51,4433.77,4497.81,4600.45,
514,931073,CSIHK1,2382.6,-1.55,-37.6,19346066,95362626694.7,1.62,2397.18,2357.98,2365.08,2420.2,0.85
515,H30106,港股通金融服务,1585.21,-1.56,-25.08,12916547,23664249434.3,1.02,1590.84,1574.34,1581.29,1610.29,0.82
516,930604,中国互联网30,9428.41,-1.57,-150.08,6682886,46884517803.6,2.25,9581.34,9366.24,9581.07,9578.49,0.8
517,932307,中国互联网人民币中间,5147.85,-1.57,-82.35,5362418,42813701683.5,2.09,5230.98,5121.76,5230.2,5230.2,0.8
518,930796,全球中国互联网,2065.54,-1.57,-32.86,10459412,64312610887.7,2.17,2098.96,2053.33,2098.91,2098.4,0.77
519,930633,中证旅游,3384.79,-1.58,-54.47,12135151,14959279885.0,1.68,3419.52,3361.71,3414.09,3439.26,0.82
520,931594,卫星产业,1232.63,-1.62,-20.34,15936786,63797576284.0,3.04,1267.61,1229.58,1237.04,1252.97,0.78
521,931072,全球中国互联网HKD,1815.71,-1.62,-29.93,10459412,72385504648.0,2.22,1845.6,1804.7,1845.59,1845.64,0.77
522,931470,SHS云计算,3701.91,-1.67,-62.7,23127828,111243873279.9,2.67,3762.81,3662.21,3704.41,3764.61,0.81
523,950180,科创AI,2414.33,-1.69,-41.46,2405661,29900775758.0,2.55,2456.23,2393.71,2423.13,2455.79,0.69
524,931074,CSIHK2,2340.41,-1.7,-40.37,19346066,95362626694.7,1.77,2356.06,2314.0,2321.62,2380.78,0.85
525,CES100,中华港股通精选100,5813.5,-1.71,-101.01,22241272,90304203408.9,1.39,5849.85,5767.65,5787.19,5914.51,0.75
526,930709,香港证券,1435.03,-1.71,-24.95,1817352,4320893362.7,1.19,1445.63,1428.24,1442.24,1459.98,0.51
527,931071,人工智能,2321.75,-1.74,-41.08,12211662,90242080137.0,2.77,2363.67,2298.12,2333.63,2362.83,0.74
528,931066,军工龙头,3712.64,-1.8,-68.13,9967384,30263840753.0,2.34,3784.05,3695.44,3747.13,3780.77,0.75
529,931521,高装细分50,3492.54,-1.83,-65.0,16035297,51316089279.0,2.33,3562.1,3479.33,3523.15,3557.54,0.76
530,931075,CSIHK3,2270.91,-1.84,-42.51,19346066,95362626694.7,1.91,2287.38,2243.11,2251.13,2313.42,0.85
531,H50036,上证军工,10606.69,-1.85,-199.42,11672833,41260816562.0,2.22,10816.73,10576.75,10699.19,10806.11,0.73
532,931637,港股通互联网,1009.94,-1.85,-19.02,12585653,48948196176.2,1.63,1018.76,1001.99,1004.83,1028.96,0.75
533,932420,智选船舶产业,1567.04,-1.86,-29.72,19759785,23901901877.0,1.56,1591.3,1566.39,1583.82,1596.76,0.76
534,930713,CS人工智,5262.17,-1.87,-100.5,13008736,99492730787.0,2.4,5350.17,5221.46,5294.76,5362.67,0.69
535,H30205,饮料指数,23661.46,-1.9,-459.38,5421892,28963562103.0,2.31,24191.62,23635.09,24037.01,24120.84,0.62
536,H30533,中国互联网50,8934.99,-1.9,-172.61,6704811,47015850016.2,2.56,9109.26,8876.08,9107.6,9107.6,0.8
537,932419,国新国企航空航天,3212.99,-1.92,-62.83,13726436,49095775358.0,2.51,3281.5,3199.36,3246.69,3275.82,0.75
538,H30064,AMAC运输,3141.45,-1.92,-61.51,14844899,37316995569.0,1.75,3181.86,3125.87,3175.99,3202.96,0.74
539,930875,空天军工,2641.16,-1.96,-52.75,10998158,37027068455.0,2.3,2691.58,2629.75,2668.11,2693.91,0.74
540,931076,CSIHK4,2176.53,-1.98,-43.95,19346066,95362626694.7,2.06,2193.56,2147.79,2156.08,2220.48,0.85
541,932042,智选航空科技,1931.68,-2.09,-41.32,13753031,46218542702.8,2.22,1966.74,1922.9,1962.36,1973.0,0.8
542,931077,CSIHK5,2060.52,-2.12,-44.65,19346066,95362626694.7,2.21,2077.81,2031.33,2039.75,2105.17,0.85
543,931487,SHS人工智能50,2157.97,-2.16,-47.71,10289195,88949146838.3,1.86,2192.03,2150.96,2167.39,2205.68,0.71
544,H50005,180消费,16552.01,-2.17,-367.18,1191130,17557624275.0,3.23,17036.08,16489.24,16904.25,16919.19,0.84
545,932088,全指航空,946.12,-2.21,-21.34,11097409,36989383616.0,2.72,967.15,940.86,957.59,967.46,0.77
546,H30043,AMAC饮料,11018.97,-2.22,-250.27,5342723,28965479725.0,3.03,11329.93,10988.15,11251.55,11269.24,0.62
547,931024,港股通非银,4553.86,-2.26,-105.25,5176563,15080406319.7,1.26,4595.76,4537.24,4560.11,4659.11,0.61
548,931028,港股通非银CNY,5119.0,-2.29,-119.88,5176563,13398111591.0,1.22,5165.55,5101.46,5124.67,5238.88,0.61
549,H30036,AMAC餐饮,2645.12,-2.33,-63.23,1167262,1620732898.0,2.46,2708.95,2642.41,2694.04,2708.35,0.81
550,932456,科创创业AI,3041.92,-2.34,-73.01,11028019,86649786002.0,2.66,3102.62,3019.8,3070.72,3114.93,0.75
551,930622,CSSW白酒,36156.31,-2.4,-888.76,2553146,24272111312.0,2.76,37130.05,36107.09,36903.99,37045.07,0.56
552,H30040,AMAC社会,17215.03,-2.71,-479.11,6785782,7950084977.0,1.44,17419.02,17163.58,17406.41,17694.14,1.02
