代码,名称,最新价,涨跌额,涨跌幅,昨收,今开,最高,最低,成交量,成交额
sh000001,上证指数,4065.5834,-10.333,-0.254,4075.9167,4040.2992,4095.0303,4029.9731,556709801,898655032959
sh000002,Ａ股指数,4262.9171,-10.874,-0.254,4273.7908,4236.3952,4293.8003,4225.5831,556434927,898049697033
sh000003,Ｂ股指数,262.929,-0.743,-0.282,263.672,263.344,264.1212,262.092,175538,75466242
sh000004,工业指数,3803.4966,-2.353,-0.062,3805.8498,3760.9228,3836.5392,3753.5702,348772501,692835587266
sh000005,商业指数,2846.5691,-11.074,-0.388,2857.6431,2846.5773,2861.5914,2829.892,44349076,52649108727
sh000006,地产指数,4396.9467,-79.469,-1.775,4476.4162,4452.3208,4466.8885,4395.5599,10069351,5582297495
sh000007,公用指数,4846.0365,-23.451,-0.482,4869.4875,4839.4574,4876.5049,4818.2598,50934670,37833273064
sh000008,综合指数,3507.1571,-20.577,-0.583,3527.7343,3516.4997,3526.6301,3489.8574,102584203,109754766407
sh000009,上证380,7133.5995,-8.765,-0.123,7142.3645,7063.9172,7213.6586,7045.2212,116664582,214373047435
sh000010,上证180,10177.374,-51.607,-0.505,10228.9807,10121.613,10245.2832,10090.1111,132823298,265723203715
sh000011,基金指数,7171.7522,-7.092,-0.099,7178.8444,7165.3827,7182.1182,7160.1718,1255305945,454520942140
sh000012,国债指数,225.6292,0.169,0.075,225.46,225.4787,225.6419,225.4787,36389331,36297004677
sh000015,红利指数,3117.5378,-10.465,-0.335,3128.0029,3103.6778,3136.6289,3093.2103,38079252,35169304421
sh000016,上证50,3037.8602,-21.152,-0.691,3059.012,3027.1727,3056.0036,3015.6256,46789818,133605955584
sh000017,新综指,3436.5417,-8.732,-0.253,3445.2742,3415.1382,3461.4489,3406.4111,550206406,886378477471
sh000018,180金融,5683.8199,-35.347,-0.618,5719.1673,5695.3321,5723.2638,5653.9033,38337722,42062750761
sh000019,治理指数,1265.1862,-9.428,-0.74,1274.6137,1262.2555,1273.0335,1257.6353,95521250,176457164322
sh000020,中型综指,1770.0299,-2.762,-0.156,1772.7917,1755.8287,1789.6464,1750.7716,76918837,200021991503
sh000021,180治理,1101.7666,-8.49,-0.765,1110.2568,1099.3525,1108.1756,1094.496,69339269,131948097086
sh000022,沪公司债,254.2856,0.015,0.006,254.2704,254.2877,254.2905,254.2853,55791,53658525
sh000025,180基建,1728.3213,-9.174,-0.528,1737.4951,1731.9317,1736.3655,1725.2125,25485100,18382157297
sh000026,180资源,6051.3521,18.139,0.301,6033.2131,5833.7526,6097.3554,5833.7526,21271503,52495003641
sh000027,180运输,776.4934,-6.806,-0.869,783.2995,780.2729,781.0365,774.1016,7494188,5832487885
sh000028,180成长,4060.7425,-26.784,-0.655,4087.5263,4025.5738,4092.7905,4015.214,32536726,124880092575
sh000029,180价值,4331.5618,-20.192,-0.464,4351.7538,4325.9887,4349.5865,4299.9849,66631758,65080030446
sh000030,180R成长,2658.553,-15.54,-0.581,2674.0927,2638.9434,2678.7164,2630.8402,78604122,215552712516
sh000031,180R价值,3196.0997,-13.755,-0.429,3209.8548,3190.1699,3210.607,3175.719,112699154,155752650387
sh000032,上证能源,2146.7857,25.25,1.19,2121.5361,2081.6057,2156.4658,2081.6057,31011435,23616834727
sh000033,上证材料,4072.1966,24.468,0.604,4047.7291,3922.4648,4115.656,3914.3894,45144476,88630092787
sh000034,上证工业,2311.5361,-16.307,-0.701,2327.8432,2310.9858,2329.2083,2297.8132,42856364,49283635001
sh000035,上证可选,2953.8901,-11.221,-0.378,2965.1109,2948.9907,2972.1108,2924.9946,13980378,31056331109
sh000036,上证消费,11158.8835,-147.608,-1.306,11306.4919,11258.3542,11328.5078,11132.2669,5081329,25951832719
sh000037,上证医药,6435.8659,-10.932,-0.17,6446.7984,6440.4176,6487.4688,6399.1743,5908070,19972431988
sh000038,上证金融,5666.5976,-38.268,-0.671,5704.8652,5679.7101,5708.4039,5635.7489,34335489,38221684246
sh000039,上证信息,5638.6203,-39.015,-0.687,5677.6348,5604.1239,5706.3948,5567.5482,14241178,86682846207
sh000040,上证电信,4258.8515,42.152,1.0,4216.6991,4178.6951,4310.1186,4178.6951,17468146,46513334761
sh000041,上证公用,2533.0957,-1.019,-0.04,2534.1146,2525.8599,2542.7922,2518.5042,17497518,10635411749
sh000042,上证央企,1778.0013,-6.773,-0.379,1784.7742,1774.0109,1786.7068,1765.9057,57418830,68749130338
sh000043,超大盘,2569.3492,-6.254,-0.243,2575.6028,2546.891,2584.5295,2539.6962,20051608,78776622566
sh000044,上证中盘,4646.0872,-12.648,-0.271,4658.735,4617.4855,4675.6365,4602.7901,86033481,132117248131
sh000045,上证小盘,6208.5498,-4.11,-0.066,6212.6603,6138.3859,6279.564,6122.0167,126597217,240373915474
sh000046,上证中小,5370.4757,-9.079,-0.169,5379.5544,5323.5763,5416.2977,5309.4032,212630698,372491163605
sh000047,上证全指,4049.2437,-15.988,-0.393,4065.2313,4022.925,4079.3538,4011.9797,259420515,506097119189
sh000048,责任指数,1472.2882,-8.791,-0.594,1481.0791,1470.3305,1480.2808,1462.816,38529317,75402519336
sh000049,上证民企,2076.736,-9.009,-0.432,2085.7451,2053.6693,2098.075,2047.2157,36362643,97034079344
sh000050,50等权,2420.6369,-10.64,-0.438,2431.2773,2408.7224,2434.2451,2400.5899,46789818,133605955584
sh000051,180等权,9492.864,-29.762,-0.313,9522.6255,9444.2423,9549.5884,9414.9623,132823298,265723203715
sh000052,50基本,2967.5222,-19.396,-0.649,2986.9182,2962.5562,2981.3983,2945.2969,46789818,133605955584
sh000053,180基本,12503.4331,-62.179,-0.495,12565.6121,12471.2061,12565.6249,12417.511,132823298,265723203715
sh000054,上证海外,1601.5522,-7.08,-0.44,1608.6319,1589.9361,1611.1137,1587.6862,65242458,102064492041
sh000055,上证地企,1628.1948,-12.079,-0.736,1640.2735,1617.1418,1638.5455,1614.8163,35240098,87439547999
sh000056,上证国企,1279.5895,-7.233,-0.562,1286.8222,1272.3136,1286.6556,1269.486,65924138,131002037341
sh000057,全指成长,4010.1151,-23.676,-0.587,4033.7908,3978.6899,4045.1653,3969.1054,46717375,172601480278
sh000058,全指价值,4702.1305,-14.613,-0.31,4716.744,4680.5472,4726.0722,4666.3631,116303156,121515082775
sh000059,全R成长,3487.4604,-17.564,-0.501,3505.0244,3460.1586,3518.228,3449.2222,157738596,410144047079
sh000060,全R价值,4515.5417,-12.957,-0.286,4528.4987,4492.2707,4542.8689,4480.643,227324377,359057649576
sh000061,沪企债30,178.2181,0.003,0.002,178.2153,178.2252,178.2338,178.1374,1151992,1137969622
sh000062,上证沪企,2134.5177,-21.023,-0.975,2155.5404,2141.1165,2151.8341,2129.4656,17559530,39175471594
sh000063,上证周期,4011.5688,-19.859,-0.493,4031.4281,3976.6137,4034.2173,3972.3157,62693979,89987174700
sh000064,非周期,3659.2634,-21.517,-0.585,3680.7806,3650.881,3686.56,3632.9517,65101683,180669863101
sh000065,上证龙头,3720.6708,-8.812,-0.236,3729.4824,3697.4756,3747.9603,3688.6684,82592404,167936603658
sh000066,上证商品,4003.6651,10.978,0.275,3992.6874,3886.9503,4042.7139,3885.7049,48923461,90040817295
sh000067,上证新兴,9216.1908,-33.663,-0.364,9249.8542,9132.8367,9294.9876,9095.2554,27834542,114388618923
sh000068,上证资源,4512.3621,15.85,0.352,4496.5122,4358.5992,4552.8387,4358.5992,43020923,83662191020
sh000069,消费80,4926.0515,-37.728,-0.76,4963.7793,4947.5859,4958.0389,4902.5616,15825308,63003922517
sh000070,能源等权,3008.8597,41.13,1.386,2967.7302,2905.0425,3030.8969,2905.0425,31011435,23616834727
sh000071,材料等权,5613.9143,10.953,0.195,5602.9618,5429.5321,5685.6055,5415.2502,45144476,88630092787
sh000072,工业等权,3168.886,-17.877,-0.561,3186.7628,3160.9116,3195.2481,3145.2941,42856364,49283635001
sh000073,可选等权,3535.1381,-3.552,-0.1,3538.6898,3516.8211,3563.4964,3492.383,13980378,31056331109
sh000074,消费等权,7323.3584,-93.602,-1.262,7416.9607,7378.3139,7423.2043,7313.7261,5081329,25951832719
sh000075,医药等权,7025.9912,4.667,0.066,7021.3239,7027.673,7084.9202,6987.9431,5908070,19972431988
sh000076,金融等权,5589.0041,-27.714,-0.493,5616.7179,5600.1145,5624.2314,5558.3254,32845282,37571373021
sh000077,信息等权,6368.4128,-40.348,-0.63,6408.7604,6336.4367,6450.2019,6309.3034,14241178,86682846207
sh000078,电信等权,3782.7687,19.011,0.505,3763.7579,3727.9051,3829.6058,3727.9051,17468146,46513334761
sh000079,公用等权,2589.6811,5.506,0.213,2584.1755,2573.6397,2602.4382,2565.0617,17497518,10635411749
sh000090,上证流通,1504.7906,-4.774,-0.316,1509.5641,1494.3292,1516.8983,1490.5465,550206406,886378477471
sh000091,沪财中小,15763.757,43.002,0.274,15720.7547,15595.1964,15908.2148,15566.055,31037312,52183069147
sh000092,资源50,5437.2527,53.804,0.999,5383.4487,5236.4463,5481.307,5236.4463,40640930,93346459266
sh000093,180分层,12424.4244,-47.98,-0.385,12472.404,12367.2656,12492.9865,12341.3583,132823298,265723203715
sh000094,上证上游,5045.1419,8.236,0.164,5036.9058,4861.3006,5095.8072,4861.3006,42698547,83161891581
sh000095,上证中游,4117.7067,-4.625,-0.112,4122.3313,4075.0546,4160.8057,4061.218,99380950,260442873183
sh000096,上证下游,4264.6631,-44.418,-1.031,4309.0809,4294.8909,4302.9572,4255.6307,40521413,90801516533
sh000097,高端装备,12378.6079,-26.423,-0.213,12405.0305,12248.055,12523.3228,12205.4981,35182299,136994985442
sh000098,上证F200,5563.0758,-22.667,-0.406,5585.7429,5533.9471,5596.2067,5521.2287,167901108,234012883916
sh000099,上证F300,9727.2736,8.417,0.087,9718.8565,9632.3948,9822.9369,9609.8454,111455746,175954893658
sh000100,上证F500,6340.442,-20.305,-0.319,6360.7474,6302.0875,6381.9799,6288.8229,279356854,409967777574
sh000101,5年信用,252.2337,0.021,0.008,252.2127,252.2291,252.2338,252.2281,726800,732275523
sh000102,沪投资品,8386.1182,7.668,0.092,8378.4501,8187.296,8470.4565,8187.296,46992481,111302843286
sh000103,沪消费品,8100.1739,-58.746,-0.72,8158.9201,8155.7799,8172.1388,8080.8389,5620398,37299777624
sh000104,380能源,1456.9307,13.406,0.929,1443.5246,1419.346,1470.6311,1417.7456,13425856,8330695204
sh000105,380材料,6141.725,58.353,0.959,6083.3719,5953.3294,6221.9089,5942.8622,22293353,35502677252
sh000106,380工业,6732.0538,-17.211,-0.255,6749.2643,6667.7923,6812.766,6628.5297,27195934,59424443462
sh000107,380可选,5688.9182,-21.321,-0.373,5710.2388,5670.2753,5752.1077,5620.144,6549736,13946097897
sh000108,380消费,13024.7873,-25.184,-0.193,13049.9711,12999.9534,13171.761,12959.508,3512583,6587729565
sh000109,380医药,10104.3367,-13.606,-0.134,10117.9432,10128.8437,10199.7943,10060.8966,4323486,10772341032
sh000110,380金融,4293.9655,-18.862,-0.437,4312.8274,4296.6426,4341.5873,4281.9277,9802202,7538363203
sh000111,380信息,10734.0807,-135.141,-1.243,10869.2212,10742.3533,10916.4088,10688.9595,6998801,36017693329
sh000112,380电信,7094.3446,109.962,1.574,6984.3826,6905.022,7222.1822,6905.022,7006425,27819922355
sh000113,380公用,3122.9984,2.096,0.067,3120.9027,3097.7225,3150.0712,3084.2518,11131529,5111936952
sh000114,持续产业,1320.0407,5.588,0.425,1314.4529,1302.4656,1332.0793,1300.6908,26091639,40990234078
sh000115,380等权,9341.4574,-12.642,-0.135,9354.099,9268.0697,9441.1121,9241.2973,116664582,214373047435
sh000116,信用100,199.1052,-0.017,-0.008,199.1217,199.1314,199.1366,199.0792,1252500,1229115427
sh000117,380成长,4579.2842,-5.797,-0.126,4585.0816,4536.3135,4627.2733,4519.2714,19742865,57951435161
sh000118,380价值,10891.3347,18.793,0.173,10872.5417,10755.5577,10999.9027,10742.4691,50458244,49728701463
sh000119,380R成长,4704.3689,-13.304,-0.282,4717.6729,4665.8355,4761.6051,4649.4729,74113810,177932075447
sh000120,380R价值,10586.3948,7.781,0.074,10578.6135,10461.7747,10698.9418,10444.6908,104829189,169709341749
sh000121,医药主题,8092.4151,0.68,0.008,8091.735,8096.161,8164.7161,8054.1801,5983668,20701301762
sh000122,农业主题,1731.6669,10.237,0.595,1721.4298,1707.3805,1755.1384,1704.1581,8247082,7637566701
sh000123,180动态,7282.1241,-31.167,-0.426,7313.2907,7203.3755,7342.2563,7181.3413,61634815,170805413034
sh000125,180稳定,11687.7032,-81.042,-0.689,11768.7455,11715.6538,11766.7356,11623.7412,69100466,100256191883
sh000126,消费50,8264.7438,-71.404,-0.857,8336.1482,8301.7345,8325.613,8213.8572,12253173,48183798506
sh000128,380基本,9742.152,-3.239,-0.033,9745.3907,9655.1868,9843.4967,9632.1855,116621840,213900657092
sh000129,180波动,15193.126,-59.795,-0.392,15252.9212,15200.2664,15254.6777,15123.8356,79495216,100019689562
sh000130,380波动,13973.9499,-33.556,-0.24,14007.5061,13925.1098,14120.9577,13898.0705,33801548,30422389265
sh000131,上证高新,3880.4493,-10.195,-0.262,3890.6441,3851.5406,3937.8543,3821.8622,4134711,40250017446
sh000132,上证100,6345.7564,-28.259,-0.443,6374.0153,6301.8111,6409.5201,6278.1133,12730787,45027037056
sh000133,上证150,7418.6503,3.995,0.054,7414.6551,7330.3097,7514.111,7310.228,20268299,48576292768
sh000134,上证银行,974.9925,-6.185,-0.63,981.1776,978.1927,982.7417,969.6055,32078452,24087633389
sh000135,180高贝,6543.2394,-31.524,-0.479,6574.7634,6499.9604,6600.2055,6470.6663,28020589,110790675731
sh000136,180低贝,12686.839,-25.549,-0.201,12712.3882,12683.1989,12742.4458,12609.7135,52052000,52577953671
sh000137,380高贝,6497.2857,-9.873,-0.152,6507.1587,6427.5937,6580.8199,6397.949,15461072,69709483758
sh000138,380低贝,8565.7596,-24.43,-0.284,8590.1894,8555.8639,8658.1263,8535.0144,28306530,32388435485
sh000139,上证转债,451.3533,2.527,0.563,448.8261,447.7305,453.4284,446.193,25411679,45887215236
sh000141,380动态,4233.7468,-7.981,-0.188,4241.7274,4191.5496,4284.7445,4176.776,56912795,134670645245
sh000142,380稳定,10658.248,-15.43,-0.145,10673.6781,10572.1323,10778.0084,10547.2184,58541301,73870550610
sh000145,优势资源,9208.5886,12.85,0.14,9195.739,8897.7573,9303.481,8897.7573,36216317,78184328533
sh000146,优势制造,8613.1043,-25.726,-0.298,8638.83,8547.3753,8706.4947,8498.9336,29807309,73293118264
sh000147,优势消费,6767.4099,-46.811,-0.687,6814.2206,6809.3696,6837.5209,6750.0632,6461738,32884470913
sh000148,消费领先,9422.8019,-91.46,-0.961,9514.2622,9461.2774,9483.033,9396.5675,47430360,113573984929
sh000149,180红利,3982.8018,-5.213,-0.131,3988.0145,3969.4205,3995.147,3945.8636,37174471,36506642308
sh000150,380红利,12318.7668,-53.175,-0.43,12371.9419,12261.8807,12453.8727,12231.1657,9015954,10463533561
sh000151,上国红利,1562.9446,-7.032,-0.448,1569.9769,1556.8715,1572.583,1550.5976,21163615,20796620256
sh000152,上央红利,2867.0247,-8.773,-0.305,2875.7978,2854.2888,2879.8267,2840.1129,33504479,28898428054
sh000153,上民红利,3353.4342,0.587,0.018,3352.8468,3337.9716,3381.6053,3330.1275,6375805,6240324046
sh000155,市值百强,3308.6923,-21.147,-0.635,3329.8394,3294.4426,3329.1072,3283.1441,93801322,212512693239
sh000158,上证环保,1474.4426,21.508,1.48,1452.9342,1430.407,1494.4483,1428.4235,25723129,41901861480
sh000159,沪股通,3810.7081,-13.593,-0.355,3824.3012,3784.6514,3841.3027,3775.1994,481949454,801239172490
sh000160,沪新丝路,2318.4181,0.721,0.031,2317.6969,2279.3506,2338.8721,2279.3506,73584830,98099004093
sh000161,沪中国造,1879.7784,-2.082,-0.111,1881.8607,1861.8151,1899.9411,1850.6946,45553396,113854393091
sh000162,沪互联+,3689.8488,-21.199,-0.571,3711.0477,3686.3794,3725.2985,3659.1423,18802113,46974146536
sh000170,50AH优选,6354.1711,-63.934,-0.996,6418.1054,6334.6768,6394.1552,6304.5982,28646944,93954712145
sh000300,沪深300,4643.5959,-26.823,-0.574,4670.4188,4622.9747,4678.2618,4606.6379,202716477,505759806238
sh000510,中证A500,5792.012,-25.586,-0.44,5817.5979,5751.5281,5843.6615,5729.4963,322022011,781919095621
sh000680,科创综指,1753.605,-6.076,-0.345,1759.6806,1740.8115,1775.5031,1732.8511,40100652,200592162562
sh000681,科创价格,1692.6132,-5.883,-0.346,1698.4959,1680.2647,1713.7497,1672.5811,40100652,200592162562
sh000682,科创信息,2149.7593,-19.971,-0.92,2169.7308,2141.5261,2180.1227,2128.6314,6198755,63261042246
sh000683,科创生物,1083.1671,-2.956,-0.272,1086.123,1082.7047,1095.3694,1071.674,1903360,9116596118
sh000687,科创高装,1439.7474,-1.543,-0.107,1441.2902,1424.6076,1457.8405,1418.8168,3607120,22655806719
sh000688,科创50,1422.406,-10.116,-0.706,1432.5216,1415.0469,1440.808,1405.8744,13035099,62257704857
sh000689,科创材料,1302.4945,3.567,0.275,1298.9273,1288.5092,1321.3233,1282.7173,3544114,15346755734
sh000690,科创成长,1909.7554,-6.201,-0.324,1915.9561,1891.942,1937.7964,1886.2013,3109301,36866720679
sh000691,科创ESG,1573.671,-13.736,-0.865,1587.4071,1572.5042,1591.9151,1560.9247,4758624,42147789676
sh000692,科创新能,1339.062,24.606,1.872,1314.4561,1294.0614,1360.651,1288.3283,11210750,24580506005
sh000693,科创机械,1613.9887,-5.723,-0.353,1619.7118,1597.5065,1638.9999,1586.8353,2733472,18012998439
sh000695,科长三角,1128.327,-14.912,-1.304,1143.2394,1127.7024,1146.0313,1121.5292,6752315,40519611689
sh000697,科大湾区,1438.2386,0.952,0.066,1437.287,1423.9982,1458.9531,1418.876,3522113,21546769943
sh000698,科创100,1585.4929,-6.45,-0.405,1591.9433,1573.3232,1609.2221,1567.6033,7895180,49860244791
sh000699,科创200,1489.8916,-9.92,-0.661,1499.8112,1480.9538,1514.2275,1477.5311,10889231,56719947194
sh000802,500沪市,8241.0889,1.0,0.012,8240.0893,8150.1995,8335.2285,8126.0969,105306328,177863814011
sh000819,有色金属,10463.0761,38.94,0.374,10424.136,10002.9491,10596.3311,9987.5385,49468501,114922149365
sh000823,800有色,12218.5936,46.469,0.382,12172.1249,11681.4521,12371.2666,11667.6418,46132163,106855429976
sh000827,中证环保,1950.3742,24.731,1.284,1925.6433,1905.0114,1971.3596,1900.3166,67693377,137289612847
sh000847,腾讯济安,3710.5307,-3.845,-0.104,3714.376,3684.8927,3743.5323,3676.8025,31004137,85129352865
sh000849,300非银,10969.7562,-75.554,-0.684,11045.3103,10982.2658,11051.1421,10927.7511,12211516,25649216086
sh000851,百发100,22254.2921,72.582,0.327,22181.7097,22017.8418,22481.2908,21928.6159,17851700,45263267473
sh000852,中证1000,8051.5742,-16.502,-0.205,8068.0767,7980.4657,8152.3221,7950.0104,281083563,444590291967
sh000853,CSSW丝路,1663.461,-8.821,-0.527,1672.282,1657.8465,1674.968,1651.6856,24587816,132961750750
sh000854,500原料,6699.4418,48.805,0.734,6650.6367,6489.5794,6787.1618,6460.3863,37853538,74506569358
sh000855,央视500,1661.1835,-7.756,-0.465,1668.9392,1651.8503,1673.3621,1646.5204,271133727,710015008859
sh000856,500工业,8326.2091,13.781,0.166,8312.428,8220.4106,8433.3076,8179.1458,47833473,106934880726
sh000857,500医药,10587.8804,-25.203,-0.237,10613.0837,10618.4356,10697.678,10535.1144,7294069,15555585447
sh000858,500信息,11409.8325,-70.924,-0.618,11480.7565,11373.3041,11592.1332,11292.6565,23057660,86751909700
sh000860,结构调整,1275.236,-3.573,-0.279,1278.8086,1267.0464,1284.0282,1264.0098,63563273,104722349521
sh000865,上海国企,1532.9931,-6.554,-0.426,1539.5474,1531.4145,1543.7706,1523.3372,17664943,27883765120
sh000867,港中小企,2862.3121,-20.974,-0.727,2883.2865,2857.7446,2886.9575,2832.0842,23800511,26042599391
sh000869,HK银行,4555.7189,-16.19,-0.354,4571.9091,4514.8683,4564.3648,4496.3562,8507372,8822488346
sh000888,上证收益,4662.0208,-10.836,-0.232,4672.8571,4633.0273,4695.7877,4621.1863,556709801,898655032959
sh000891,新兴综指,1966.2766,-3.712,-0.188,1969.9885,1948.9627,1988.6974,1940.0578,468533101,1145624333919
sh000901,小康指数,6407.4206,-11.338,-0.177,6418.759,6360.0585,6443.278,6347.6872,89630168,118685462214
sh000903,中证A100,4534.9198,-23.323,-0.512,4558.2426,4505.6399,4570.8042,4492.0653,88705890,273586877602
sh000905,中证500,8146.4128,0.306,0.004,8146.1073,8054.218,8247.2968,8014.6599,218642144,418373434781
sh000906,中证800,5246.4497,-21.514,-0.408,5267.9632,5212.7528,5291.7753,5193.1519,421358622,924133241019
sh000913,300医药,8313.8108,-24.936,-0.299,8338.7469,8303.9793,8365.7945,8267.4244,5476401,20455279022
sh000914,300金融,6476.2499,-45.052,-0.691,6521.302,6493.2486,6522.6615,6447.7342,48841807,53665141158
sh000928,中证能源,3202.1468,19.943,0.627,3182.204,3125.7652,3218.606,3121.7304,21696695,19194326022
sh000932,中证消费,15333.4769,-185.129,-1.193,15518.6054,15454.8381,15553.1837,15301.8658,8850853,34940310666
sh000933,中证医药,8263.3171,-20.381,-0.246,8283.6985,8265.6877,8323.0043,8220.2192,12770470,36010864480
sh000934,中证金融,6078.6622,-42.061,-0.687,6120.7228,6093.9938,6118.884,6054.0441,66761365,67863895356
sh000935,中证信息,6582.4117,-28.533,-0.432,6610.945,6537.5653,6669.2026,6494.2023,47014487,204876380875
sh000974,800金融,6803.3635,-43.54,-0.636,6846.9033,6817.9001,6844.6983,6774.1191,58929192,63061654208
sh000982,500等权,9779.2528,-10.335,-0.106,9789.5881,9697.1788,9891.5209,9646.5455,218642144,418373434781
sh000986,全指能源,2577.5428,22.668,0.887,2554.8752,2507.7503,2591.391,2504.9732,43627635,33000040989
sh000987,全指材料,5541.4838,34.705,0.63,5506.7784,5349.8315,5608.4797,5334.6438,107200976,197696333041
sh000989,全指可选,5532.1786,-20.673,-0.372,5552.8516,5522.8256,5575.0106,5484.3928,33123238,75941589292
sh000991,全指医药,8884.9268,-23.479,-0.264,8908.4057,8889.437,8955.1998,8843.2725,17743632,46107810907
sh000992,全指金融,5821.7584,-40.171,-0.685,5861.9296,5835.8151,5858.8716,5798.4406,84678695,79512248763
sh000993,全指信息,8740.8183,-49.19,-0.56,8790.0079,8690.9027,8855.8352,8631.1637,55225498,233009690793
sz399001,深证成指,13906.734,-45.978,-0.33,13952.712,13801.031,14065.776,13726.859,73034954834,1247064306607
sz399002,深成指R,18677.732,-61.752,-0.33,18739.484,18535.766,18891.338,18436.148,24682637593,591273520203
sz399003,成份Ｂ指,8241.117,-7.719,-0.094,8248.836,8252.465,8260.344,8185.682,9042078,46925983
sz399004,深证100R,8204.988,-52.77,-0.639,8257.758,8174.408,8292.904,8136.807,4765353986,208715114762
sz399005,中小100,8447.985,23.991,0.285,8423.994,8339.255,8535.403,8293.78,5172708660,137272319136
sz399006,创业板指,3236.464,-23.814,-0.73,3260.278,3222.884,3288.032,3199.144,20940122955,560718182598
sz399007,深证300,5805.37,-24.381,-0.418,5829.751,5765.104,5869.88,5732.405,15451794537,427984805749
sz399008,中小300,1710.59,4.885,0.286,1705.705,1688.423,1729.505,1678.646,14652702326,254656929862
sz399009,深证200,5705.176,-1.054,-0.018,5706.23,5632.667,5775.582,5589.42,10686440551,219269690987
sz399010,深证700,9417.7,-8.275,-0.088,9425.975,9334.212,9541.543,9289.229,21760854451,375006834778
sz399011,深证1000,6771.487,-21.291,-0.313,6792.778,6720.368,6851.042,6684.12,37212648988,802991640527
sz399012,创业300,4603.818,-28.456,-0.614,4632.274,4581.498,4672.85,4550.631,8639921306,335755734130
sz399013,深市精选,5723.266,-1.047,-0.018,5724.313,5670.653,5779.001,5645.301,15554034674,351464017904
sz399015,中小创新,3125.294,-7.561,-0.241,3132.855,3102.426,3166.6,3085.175,12530011395,211718120324
sz399016,深证创新,6089.072,-15.206,-0.249,6104.278,6055.479,6163.106,6013.964,2462669582,162608353672
sz399017,SME创新,5137.235,11.74,0.229,5125.495,5081.033,5199.14,5056.333,3030648172,105541900429
sz399018,创业创新,6392.838,-20.776,-0.324,6413.614,6356.423,6475.16,6316.345,2201121000,141060393378
sz399019,创业200,4722.216,-15.453,-0.326,4737.669,4691.458,4791.922,4658.54,4958703082,109004593803
sz399020,创业小盘,1922.845,1.702,0.089,1921.143,1906.25,1948.126,1894.972,4272838448,90894145354
sz399030,碳科技30,4579.417,37.208,0.819,4542.209,4486.267,4634.867,4455.149,985138311,59382935918
sz399050,创新引擎,3027.462,-2.072,-0.068,3029.534,3007.363,3057.692,2986.208,2120067540,64262862017
sz399060,碳科技60,3505.2,13.004,0.372,3492.196,3455.588,3537.713,3439.263,3173262282,119415678473
sz399088,深创100,5046.087,-19.313,-0.381,5065.4,5015.577,5106.004,4991.269,2591994223,139381020884
sz399100,新指数,12467.386,-8.453,-0.068,12475.839,12358.865,12599.075,12302.748,71256684511,1236257186070
sz399101,中小综指,15242.396,68.629,0.452,15173.767,15037.506,15395.168,14972.136,32984907093,465031413388
sz399102,创业板综,4065.392,-11.035,-0.271,4076.427,4038.031,4118.308,4015.415,20940122955,560718182598
sz399103,乐富指数,9219.435,-48.604,-0.524,9268.039,9166.352,9287.897,9131.861,70534408048,158621544961
sz399106,深证综指,2649.572,-1.083,-0.041,2650.655,2626.024,2677.447,2614.215,73034954834,1247064306607
sz399107,深证Ａ指,2772.404,-1.135,-0.041,2773.539,2747.746,2801.601,2735.384,72998157706,1246985376230
sz399108,深证Ｂ指,1244.362,0.006,0.0,1244.356,1242.644,1245.473,1234.538,36797128,78930378
sz399231,农林指数,1342.286,-3.407,-0.253,1345.693,1333.916,1352.78,1333.916,778654101,7945279739
sz399232,采矿指数,4985.028,48.308,0.979,4936.72,4717.397,5061.31,4702.883,1615576151,38355843269
sz399233,制造指数,3630.9,2.343,0.065,3628.557,3593.471,3672.055,3578.442,45495691190,904108679040
sz399234,水电指数,1007.279,8.332,0.834,998.947,992.71,1014.103,990.315,1770182087,12490414039
sz399235,建筑指数,1116.069,-15.38,-1.359,1131.449,1120.898,1129.14,1110.868,886576749,8086857122
sz399236,批零指数,1571.528,-15.019,-0.947,1586.547,1575.759,1589.103,1563.639,2359371457,25171715680
sz399237,运输指数,1111.646,-8.64,-0.771,1120.286,1115.387,1118.103,1108.194,570822426,6192914789
sz399239,IT指数,2203.299,-12.096,-0.546,2215.395,2194.141,2234.437,2167.157,6849151487,120611236477
sz399240,金融指数,1584.609,-16.143,-1.008,1600.752,1593.177,1600.781,1584.609,1582860838,20679414405
sz399241,地产指数,1285.827,-14.799,-1.138,1300.626,1291.966,1299.968,1278.387,1645949246,8037059315
sz399242,商务指数,1677.113,-22.728,-1.337,1699.841,1679.442,1710.776,1651.265,3791493784,39517966186
sz399243,科研指数,1570.023,-0.399,-0.025,1570.422,1559.101,1586.244,1549.815,668616522,11921920772
sz399244,公共指数,651.027,0.869,0.134,650.158,648.599,656.449,644.787,825879329,6742695533
sz399248,文化指数,1025.839,-11.908,-1.147,1037.747,1028.755,1045.815,997.581,1513701554,17238289541
sz399258,绿色低碳,4426.506,23.704,0.538,4402.802,4357.873,4469.958,4341.213,2964386118,98591702591
sz399259,创业低碳,4946.734,38.856,0.792,4907.878,4845.316,5014.788,4820.402,1546805089,61046365753
sz399260,先进制造,3699.487,-25.143,-0.675,3724.63,3683.766,3747.455,3657.795,2800998193,154963719324
sz399261,创业制造,6286.859,-42.869,-0.677,6329.728,6256.318,6392.292,6192.502,1291657917,142051337659
sz399262,数字经济,2849.914,-40.857,-1.413,2890.771,2855.09,2902.67,2824.161,2163915658,136902724914
sz399263,创业数字,3497.978,-71.498,-2.003,3569.476,3527.299,3574.378,3482.407,2976715407,142628449915
sz399264,创业软件,1550.866,-22.453,-1.427,1573.319,1558.443,1581.14,1534.653,1955653555,47147300245
sz399265,创新药械,1051.64,-0.346,-0.033,1051.986,1049.65,1064.786,1046.913,638990936,18084184706
sz399266,创新能源,3664.515,47.147,1.303,3617.368,3576.093,3710.981,3561.461,1379866435,74702138682
sz399267,专精特新,2491.542,-12.553,-0.501,2504.095,2483.926,2537.446,2460.542,1611669798,73469974933
sz399268,深小巨人,2305.481,-9.082,-0.392,2314.563,2296.291,2345.986,2276.198,1618989216,76312454494
sz399269,创质量,8178.999,-80.326,-0.973,8259.325,8163.479,8331.842,8075.505,1945008867,144965895766
sz399274,深新基建,6087.063,-78.217,-1.269,6165.28,6102.952,6192.777,6039.043,2300000808,130804083149
sz399275,创医药,2699.894,-13.366,-0.493,2713.26,2696.475,2733.27,2689.925,1092817135,23194175271
sz399276,创科技,8296.357,-68.389,-0.818,8364.746,8268.229,8426.941,8196.26,1341969119,106196928003
sz399277,公共健康,2784.351,-1.371,-0.049,2785.722,2778.947,2811.15,2768.205,1149647734,20967756799
sz399278,长江100,2191.988,-13.305,-0.603,2205.293,2180.379,2219.175,2164.516,5031168132,169168693273
sz399279,云科技50,5065.749,-66.901,-1.303,5132.65,5078.555,5150.313,5024.236,2731735278,122570168867
sz399280,生物50,2069.017,-2.432,-0.117,2071.449,2068.061,2094.203,2063.976,1001285228,19257724183
sz399281,电子50,4575.688,-17.028,-0.371,4592.716,4541.576,4652.274,4501.852,2319929783,69179397319
sz399282,大数据50,5408.78,-54.063,-0.99,5462.843,5412.544,5497.198,5354.615,2559001209,53824814476
sz399283,机器人50,4443.098,-12.804,-0.287,4455.902,4421.148,4497.972,4384.788,981658659,30614361715
sz399284,AI 50,3952.299,-46.558,-1.164,3998.857,3961.0,4005.341,3921.279,2065264427,54890172814
sz399285,物联网50,6427.938,-88.863,-1.364,6516.801,6455.337,6533.362,6389.888,2339007231,108553196915
sz399286,区块链50,4182.287,-44.754,-1.059,4227.041,4190.749,4236.453,4149.037,3741907267,57659522566
sz399290,深转交债,201.485,1.773,0.888,199.712,199.299,202.142,198.54,57530976,10036403862
sz399291,创精选88,4750.703,-22.49,-0.471,4773.193,4725.039,4818.873,4696.612,2040719564,52181790121
sz399292,民企发展,1563.505,10.777,0.694,1552.728,1530.91,1581.081,1525.182,9523155058,133307681275
sz399293,创业大盘,6317.766,-77.166,-1.207,6394.932,6313.978,6422.81,6248.991,1677350546,138971190486
sz399294,中小创Q,3726.379,18.984,0.512,3707.395,3672.08,3758.419,3665.67,2181559649,73590278443
sz399295,创价值,5577.295,-25.382,-0.453,5602.677,5549.324,5636.458,5521.173,1407407259,91040144181
sz399296,创成长,5890.625,-73.362,-1.23,5963.987,5879.796,6015.061,5793.537,1212345494,132683356278
sz399297,新浪100,6457.351,10.494,0.163,6446.857,6417.667,6516.236,6394.176,2172264713,17996258502
sz399298,深信中高,214.703,0.016,0.007,214.687,214.704,214.705,214.703,12545000,1266294691
sz399299,深信中低,247.289,0.007,0.003,247.282,247.299,247.299,247.289,400000,39947620
sz399300,沪深300,4643.596,-26.823,-0.574,4670.419,4622.975,4678.262,4606.638,20271647700,505759806238
sz399301,深信用债,218.577,0.016,0.007,218.561,218.579,218.579,218.577,12545000,1266294691
sz399302,深公司债,221.255,0.014,0.006,221.241,221.257,221.258,221.255,12145000,1225475611
sz399303,国证2000,10676.481,5.733,0.054,10670.748,10567.112,10799.943,10534.27,42444889594,689299060841
sz399306,深证ETF,1852.936,-8.841,-0.475,1861.777,1840.672,1867.326,1833.552,67807136992,154348894977
sz399307,深证转债,381.91,3.872,1.024,378.038,377.117,383.394,375.827,217312267,37888492398
sz399310,国证A50,7947.072,-56.405,-0.705,8003.477,7916.33,8008.68,7890.282,4358899290,169018188118
sz399311,国证1000,5094.81,-19.691,-0.385,5114.501,5060.839,5139.26,5041.825,51102917450,1053502336375
sz399312,国证300,5520.08,-31.063,-0.56,5551.143,5490.728,5566.311,5468.997,18191866602,531653598423
sz399313,巨潮100,5318.26,-39.268,-0.733,5357.528,5308.79,5354.826,5281.894,8621423378,251564166408
sz399314,巨潮大盘,5093.349,-32.929,-0.642,5126.278,5077.155,5128.599,5058.372,15387492676,385516267561
sz399315,巨潮中盘,5061.602,-0.203,-0.004,5061.805,4995.362,5117.463,4975.471,13692471949,314664751345
sz399316,巨潮小盘,6515.791,-6.988,-0.107,6522.779,6457.607,6595.577,6423.778,22022952825,353321317469
sz399317,国证Ａ指,7139.997,-13.893,-0.194,7153.89,7084.35,7205.18,7059.024,127066672837,2141110392109
sz399318,国证Ｂ指,5212.815,-8.801,-0.169,5221.616,5215.525,5227.633,5191.208,52229653,153147909
sz399319,资源优势,3665.374,9.694,0.265,3655.68,3534.232,3705.769,3534.03,9604919551,145688556377
sz399320,国证服务,2150.106,-10.935,-0.506,2161.041,2152.408,2159.164,2141.948,4831227672,36857223359
sz399321,国证红利,7729.093,-66.715,-0.856,7795.808,7734.13,7778.964,7682.42,5861073755,88358113390
sz399322,国证治理,10475.335,-40.193,-0.382,10515.528,10419.765,10542.002,10379.315,3486418778,144017491543
sz399324,深证红利,9550.927,-65.741,-0.684,9616.668,9539.76,9613.625,9505.158,1823250835,38937211569
sz399326,成长40,6333.51,-8.869,-0.14,6342.379,6251.593,6432.564,6214.513,941354106,79096076623
sz399328,深证治理,10921.602,-4.865,-0.045,10926.467,10837.614,11004.646,10804.05,1452877650,75363268929
sz399330,深证100,5766.646,-37.087,-0.639,5803.733,5745.153,5828.435,5718.726,4765353986,208715114762
sz399333,中小100R,10310.846,29.282,0.285,10281.564,10178.139,10417.54,10122.637,5172708660,137272319136
sz399335,深证央企,4522.025,-3.97,-0.088,4525.995,4484.431,4562.014,4466.922,1842749244,43469177087
sz399337,深证民营,6563.516,-32.604,-0.494,6596.12,6512.552,6649.169,6476.361,4507822791,223768710736
sz399339,深证科技,9032.678,-13.408,-0.148,9046.086,8961.612,9125.095,8918.745,4868299723,200430818954
sz399341,深证责任,1653.169,-7.844,-0.472,1661.013,1648.074,1664.542,1640.952,3065187134,91022204646
sz399344,深证300R,7667.283,-32.2,-0.418,7699.483,7614.103,7752.482,7570.916,15451794537,427984805749
sz399346,深证成长,4481.37,-16.415,-0.365,4497.785,4438.26,4535.349,4416.959,3658158480,212653277378
sz399348,深证价值,6778.259,-28.188,-0.414,6806.447,6755.512,6830.428,6722.756,5200955760,80390807971
sz399350,皖江30,3052.127,-21.971,-0.715,3074.098,3037.427,3090.317,3014.806,1473902274,27170976871
sz399351,创新示范,10552.188,-12.345,-0.117,10564.533,10489.572,10636.842,10429.927,3542998628,108762546487
sz399352,深企综指,10917.545,-13.386,-0.122,10930.931,10848.899,11008.554,10798.752,8179257296,193925266785
sz399353,国证物流,2183.078,-14.809,-0.674,2197.887,2188.362,2194.321,2173.26,2384247387,16442533249
sz399354,分析师指数,8416.519,-56.335,-0.665,8472.854,8399.748,8467.768,8362.563,7446001521,238358100738
sz399355,长三角,3754.941,-18.143,-0.481,3773.084,3752.586,3781.864,3736.746,2315383126,61452349779
sz399356,珠三角,10023.097,-33.703,-0.335,10056.8,9995.948,10084.758,9939.198,2291134678,74792394576
sz399357,环渤海,3529.011,-21.36,-0.602,3550.371,3521.14,3555.689,3494.353,4903142360,80752196729
sz399358,国证环保,5462.642,34.95,0.644,5427.692,5368.96,5513.792,5355.129,3584156446,85391757307
sz399359,国证基建,2570.501,-13.295,-0.515,2583.796,2573.151,2581.093,2563.36,3602582854,23603328571
sz399360,新硬件,8019.149,-39.634,-0.492,8058.783,7993.772,8124.267,7929.226,3196127425,93419569752
sz399361,在线消费,4210.349,-43.986,-1.034,4254.335,4211.067,4281.562,4142.53,3633800055,60992793681
sz399362,民企100,8499.027,-59.821,-0.699,8558.848,8472.153,8603.43,8421.055,3568224974,185694168556
sz399363,国证算力,9306.055,-86.313,-0.919,9392.368,9262.766,9473.434,9146.955,2655087024,169684074371
sz399364,消费100,10628.474,-104.229,-0.971,10732.703,10627.197,10753.478,10555.937,4380029301,225726505771
sz399365,国证粮食,14119.214,71.257,0.507,14047.957,13908.713,14276.865,13891.749,1692322940,22267223293
sz399366,能源金属,2892.529,35.429,1.24,2857.1,2779.287,2921.651,2776.963,2467622849,55192327808
sz399367,1000地产,2662.279,-49.003,-1.807,2711.282,2690.085,2696.602,2660.039,1044201047,7182629038
sz399368,国证军工,8894.947,-147.488,-1.631,9042.435,8964.078,9027.233,8856.724,1581286475,50024200162
sz399369,国证责任,1553.854,-14.806,-0.944,1568.66,1556.417,1562.211,1546.834,3703143438,87421487479
sz399370,国证成长,5244.993,-21.172,-0.402,5266.165,5194.872,5298.413,5176.795,13691832498,433032896801
sz399371,国证价值,7335.447,-16.12,-0.219,7351.567,7295.75,7380.367,7277.149,17540117673,210251111260
sz399372,大盘成长,5278.952,-36.994,-0.696,5315.946,5243.646,5327.182,5228.234,3940513672,196567010777
sz399373,大盘价值,8421.077,-48.71,-0.575,8469.787,8423.543,8465.787,8369.927,5719278039,71571274741
sz399374,中盘成长,4983.433,2.141,0.043,4981.292,4900.665,5043.619,4887.188,3294333867,110036325728
sz399375,中盘价值,6426.259,22.146,0.346,6404.113,6324.558,6489.554,6311.397,5509174172,75920150602
sz399376,小盘成长,6925.914,1.787,0.026,6924.127,6853.429,7007.859,6805.813,6456984959,126429560296
sz399377,小盘价值,8168.374,15.717,0.193,8152.657,8085.736,8241.957,8049.89,6311665462,62759685917
sz399378,ESG 300,2962.277,-10.13,-0.341,2972.407,2940.532,2985.938,2931.702,18034531608,436501930035
sz399379,国证基金,9402.888,-47.45,-0.502,9450.338,9352.189,9472.188,9320.097,196503976797,576960893093
sz399380,国证ETF,1862.665,-9.261,-0.495,1871.926,1851.763,1876.962,1845.259,192963954528,571452668544
sz399381,1000能源,3323.655,20.466,0.62,3303.189,3244.922,3340.499,3241.3,2275749163,19774229605
sz399382,1000材料,4220.769,32.529,0.777,4188.24,4070.269,4269.926,4059.745,9170399437,175301963300
sz399383,1000工业,3129.239,-1.241,-0.04,3130.48,3099.801,3160.643,3083.073,12810774077,219977329708
sz399384,1000可选,4221.125,-25.034,-0.59,4246.159,4223.085,4257.224,4189.377,4786362803,89653137159
sz399385,1000消费,9423.164,-132.666,-1.388,9555.83,9519.919,9576.182,9411.427,1302606737,41200908968
sz399386,1000医药,5753.899,-24.284,-0.42,5778.183,5766.522,5796.985,5731.778,1370943780,37251336287
sz399387,1000金融,5469.793,-33.32,-0.605,5503.113,5479.967,5502.134,5445.7,6707662331,68471336347
sz399388,1000信息,6624.579,-38.429,-0.577,6663.008,6586.3,6711.825,6537.471,7596768573,270859916470
sz399389,国证通信,8499.535,-44.229,-0.518,8543.764,8453.955,8662.697,8439.836,2932891228,139399241494
sz399390,1000公用,2632.457,3.262,0.124,2629.195,2618.982,2642.386,2612.614,2368326951,14760314793
sz399391,投资时钟,3455.979,-34.288,-0.982,3490.267,3450.2,3475.323,3430.518,6305235976,120797961565
sz399392,国证新兴,3038.851,-17.754,-0.581,3056.605,3026.281,3063.367,3011.161,6779062037,258961646925
sz399393,国证地产,3292.67,-52.539,-1.571,3345.209,3322.54,3329.552,3289.634,2248516446,13522456207
sz399394,国证医药,8557.559,-35.943,-0.418,8593.502,8574.262,8625.185,8520.37,1291608771,37286737108
sz399395,国证有色,10906.208,33.981,0.313,10872.227,10435.483,11046.263,10419.482,5223521307,116683667586
sz399396,国证食品,17839.895,-284.72,-1.571,18124.615,18075.742,18186.494,17836.889,727367301,35663979826
sz399397,国证文化,2572.798,-22.912,-0.883,2595.71,2578.004,2612.906,2536.387,5007289647,83042067949
sz399398,绩效指数,11188.79,-63.346,-0.563,11252.136,11186.347,11296.569,11142.642,1958060862,86663627359
sz399399,中经GDP,8372.596,-55.928,-0.664,8428.524,8344.928,8432.206,8315.286,15936581101,304054024976
sz399400,大中盘,4252.561,-19.463,-0.456,4272.024,4226.658,4287.041,4211.691,29079964625,700181018906
sz399401,中小盘,5161.952,-2.682,-0.052,5164.634,5104.366,5221.43,5081.158,35715424774,667986068814
sz399402,周期100,3861.55,4.674,0.121,3856.876,3801.751,3891.93,3793.722,8223485752,198362409766
sz399403,防御100,8759.927,-127.072,-1.43,8886.999,8827.995,8864.242,8746.356,4588391921,154502280634
sz399405,大盘高贝,3171.912,-10.848,-0.341,3182.76,3142.231,3213.91,3124.93,2978500185,192377994020
sz399406,中盘低波,14244.395,-18.462,-0.129,14262.857,14176.284,14365.075,14129.642,3466247943,44779566166
sz399407,中盘高贝,3354.613,2.205,0.066,3352.408,3311.18,3398.182,3291.044,4449317194,163414675792
sz399408,小盘低波,16171.008,-45.682,-0.282,16216.69,16126.691,16338.28,16076.378,5782639419,44556883297
sz399409,小盘高贝,7115.995,-21.241,-0.298,7137.236,7060.37,7233.717,7008.606,6642595988,176692450877
sz399410,苏州率先,3278.21,39.708,1.226,3238.502,3203.935,3334.98,3202.435,920055992,53244242083
sz399411,红利100,3583.265,-13.452,-0.374,3596.717,3575.784,3608.35,3563.409,5150696581,48373843408
sz399412,国证新能,3027.065,32.465,1.084,2994.6,2957.172,3060.158,2952.326,3664924787,108925072412
sz399413,国证转债,193.133,1.426,0.744,191.707,191.239,193.934,190.588,463749397,81980356357
sz399415,I100,7627.705,-9.187,-0.12,7636.892,7553.577,7708.859,7531.603,3005872894,110194602321
sz399416,I300,5378.957,5.808,0.108,5373.149,5329.403,5439.78,5319.591,4119896663,63767206424
sz399417,新能源车,3833.299,55.897,1.48,3777.402,3729.635,3871.644,3719.968,1983139528,86793738662
sz399418,数据要素,4338.592,-41.503,-0.948,4380.095,4344.467,4400.008,4304.119,2301075848,55240686956
sz399419,国证高铁,2208.186,-2.024,-0.092,2210.21,2191.521,2228.522,2183.802,1612916835,15877010232
sz399420,国证保证,1558.239,-10.494,-0.669,1568.733,1560.113,1570.391,1552.895,1382907511,26542808061
sz399422,中关村A,3706.244,-28.988,-0.776,3735.232,3701.779,3749.036,3677.186,10308343282,181205956400
sz399423,中关村50,3075.001,-29.686,-0.956,3104.687,3074.132,3111.539,3052.649,1925694835,51828005279
sz399428,国证定增,4663.392,39.827,0.861,4623.565,4581.238,4721.292,4561.032,3114958903,71201503003
sz399429,新丝路,1904.029,-7.116,-0.372,1911.145,1878.568,1927.907,1878.165,4361730060,76528649970
sz399431,国证银行,7566.321,-46.624,-0.612,7612.945,7592.081,7626.905,7526.042,3429683959,26528732589
sz399432,智能汽车,6687.013,61.313,0.925,6625.7,6539.694,6754.894,6507.918,1324193225,69049059699
sz399433,国证交运,1739.135,-13.6,-0.776,1752.735,1744.314,1749.384,1733.014,2844596537,17979587197
sz399434,数字传媒,2660.533,-31.838,-1.183,2692.371,2659.209,2715.08,2597.914,4911684079,73554644209
sz399435,国证农牧,3965.378,-6.559,-0.165,3971.937,3947.117,4002.563,3943.792,1366787115,12484297977
sz399436,绿色煤炭,4145.711,-15.897,-0.382,4161.608,4111.971,4178.204,4076.935,1142927650,10734460941
sz399437,证券龙头,6619.792,-50.941,-0.764,6670.733,6634.398,6673.867,6610.028,1450767075,21663619326
sz399438,绿色电力,2066.721,7.273,0.353,2059.448,2050.551,2075.499,2046.785,2157727448,16035998129
sz399439,国证油气,2169.148,24.577,1.146,2144.571,2099.911,2180.083,2098.423,3187099653,24966212290
sz399440,国证钢铁,1509.595,-1.711,-0.113,1511.306,1497.586,1528.722,1489.438,1921354163,11841533880
sz399441,生物医药,2203.394,-2.658,-0.12,2206.052,2195.844,2221.141,2183.472,349601519,12633661430
sz399481,企债指数,127.68,-0.001,-0.001,127.681,127.681,127.682,127.68,32253910,3214039230
sz399550,央视50,8336.515,-58.819,-0.701,8395.334,8352.492,8390.014,8318.513,2756393053,77220284664
sz399551,央视创新,11273.972,5.482,0.049,11268.49,11170.287,11405.287,11131.974,2528587377,89050045924
sz399552,央视成长,8438.905,-58.576,-0.689,8497.481,8467.332,8498.728,8401.603,2730856714,74395090183
sz399553,央视回报,7821.728,-9.559,-0.122,7831.287,7801.272,7874.521,7776.288,1196682326,62990995554
sz399554,央视治理,7906.701,-47.106,-0.592,7953.807,7912.27,7949.449,7869.86,2811967309,64250337850
sz399555,央视责任,5311.344,-40.156,-0.75,5351.5,5324.466,5342.413,5291.257,3742663572,54189215345
sz399556,央视生态,2852.085,7.164,0.252,2844.921,2822.338,2876.687,2811.912,2837151096,80365624495
sz399557,央视文化,2168.578,-20.197,-0.923,2188.775,2170.883,2201.476,2135.646,5007289647,83042067949
sz399602,中小成长,1313.718,6.029,0.461,1307.689,1293.872,1327.431,1287.664,4637440115,105218674141
sz399604,中小价值,2130.043,6.811,0.321,2123.232,2105.561,2149.994,2098.101,3083187565,51420585495
sz399606,创业板R,3588.268,-26.402,-0.73,3614.67,3573.211,3645.441,3546.891,3958999997,216768330708
sz399608,科技100,4266.574,0.716,0.017,4265.858,4222.942,4316.237,4206.076,4562235771,201773180468
sz399610,TMT50,9569.632,-81.81,-0.848,9651.442,9546.388,9731.759,9451.937,2760646040,141111890695
sz399611,中创100R,3226.23,-13.677,-0.422,3239.907,3202.857,3267.377,3184.241,4599968363,226975172722
sz399612,中创100,2731.526,-11.579,-0.422,2743.105,2711.737,2766.363,2695.975,4599968363,226975172722
sz399613,深证能源,3724.707,-2.449,-0.066,3727.156,3668.786,3766.711,3639.894,464555304,5153039089
sz399614,深证材料,4127.466,35.288,0.862,4092.178,3998.692,4181.747,3980.502,5784553728,113447516393
sz399615,深证工业,4380.484,13.739,0.315,4366.745,4321.558,4431.039,4297.697,7632998124,172046836561
sz399616,深证可选,6907.792,-37.411,-0.539,6945.203,6898.338,6990.607,6833.443,4782821734,79181306460
sz399617,深证消费,9079.906,-112.838,-1.227,9192.744,9147.648,9203.688,9066.335,392617394,12182762340
sz399618,深证医药,8086.437,-41.234,-0.507,8127.671,8110.672,8174.558,8075.141,1161171616,28084892974
sz399619,深证金融,7150.997,-55.058,-0.764,7206.055,7177.619,7202.163,7146.448,927557017,13147900848
sz399620,深证信息,5763.2,-28.921,-0.499,5792.121,5730.136,5846.323,5678.641,6282205767,183053481565
sz399621,深证电信,12859.85,-179.692,-1.378,13039.542,12916.249,13191.081,12771.23,678357155,78478567932
sz399622,深证公用,1822.563,16.658,0.922,1805.905,1793.272,1835.39,1790.796,754376139,5352292021
sz399623,中小基础,9349.911,27.015,0.29,9322.896,9229.603,9452.486,9177.344,16734531927,282846924985
sz399624,中创400,2758.089,0.317,0.011,2757.772,2731.49,2797.066,2710.279,16079258996,316045323711
sz399625,中创500,2498.817,-6.038,-0.241,2504.855,2478.345,2531.904,2462.246,20679227359,543020496434
sz399626,中创成长,2091.689,-4.646,-0.222,2096.335,2071.648,2119.584,2058.475,5822254579,245394514431
sz399627,中创价值,2586.962,10.279,0.399,2576.683,2553.958,2609.12,2544.063,5617764175,123875415909
sz399628,700成长,2558.991,7.925,0.311,2551.066,2525.602,2589.962,2513.111,6531358372,130293219009
sz399629,700价值,3046.614,13.306,0.439,3033.308,3011.065,3076.566,2999.92,6288052611,64607182286
sz399630,1000成长,1820.807,-4.888,-0.268,1825.695,1804.111,1842.155,1795.653,10823724961,366978991894
sz399631,1000价值,2332.207,-6.146,-0.263,2338.353,2320.589,2351.534,2309.385,11896117151,170618082412
sz399632,深100EW,5316.172,-29.576,-0.553,5345.748,5294.66,5367.984,5270.755,4765353986,208715114762
sz399633,深300EW,6587.745,-17.294,-0.262,6605.039,6537.434,6659.682,6493.957,15451794537,427984805749
sz399634,中小等权,4546.072,13.502,0.298,4532.57,4490.171,4595.741,4461.604,5172708660,137272319136
sz399635,创业板EW,2362.219,-15.153,-0.637,2377.372,2355.404,2396.186,2336.334,3958999997,216768330708
sz399636,深证装备,8171.954,-54.711,-0.665,8226.665,8123.031,8301.056,8070.062,5016302567,167544967217
sz399637,深证地产,1893.873,-28.999,-1.508,1922.872,1909.607,1917.919,1885.853,995372714,5125173302
sz399638,深证环保,7445.708,97.367,1.325,7348.341,7260.073,7527.889,7240.448,2314295198,87818147235
sz399639,深证大宗,2427.367,21.085,0.876,2406.282,2346.24,2454.928,2340.847,2629094858,56515446286
sz399640,创业基础,3035.376,-14.529,-0.476,3049.905,3018.497,3078.591,2999.594,14690754603,442071079741
sz399641,深证新兴,2875.058,-12.906,-0.447,2887.964,2858.05,2910.522,2838.742,11490694246,368348802265
sz399642,中小新兴,2411.613,4.496,0.187,2407.117,2380.875,2441.135,2364.028,7865781420,157971142456
sz399643,创业新兴,3987.401,-25.916,-0.646,4013.317,3966.269,4050.729,3938.309,4214576502,221931784914
sz399644,深证时钟,3680.78,-20.757,-0.561,3701.537,3665.009,3706.8,3651.437,5139696855,82620273709
sz399645,100低波,9687.22,-57.712,-0.592,9744.932,9695.854,9756.126,9659.156,2718970337,47238797741
sz399646,深消费50,8087.017,-76.971,-0.943,8163.988,8118.043,8160.423,8067.664,3512636829,66487446976
sz399647,深医药50,7929.378,-42.223,-0.53,7971.601,7949.127,8001.427,7907.4,906750469,19714964550
sz399648,深证GDP,12730.791,-27.857,-0.218,12758.648,12649.045,12828.06,12580.78,5470379482,132963712409
sz399649,中小红利,3411.991,21.959,0.648,3390.032,3362.526,3441.02,3350.251,1587811022,29638500754
sz399650,中小治理,2648.905,29.599,1.13,2619.306,2599.115,2676.94,2591.789,1447824185,53227781726
sz399651,中小责任,1728.672,4.243,0.246,1724.429,1712.88,1741.512,1707.311,1405571888,44130162225
sz399652,中创高新,4008.759,-46.219,-1.14,4054.978,4018.304,4073.558,3986.026,1322296242,40217865807
sz399653,深证龙头,2933.763,-22.211,-0.751,2955.974,2929.469,2962.679,2916.386,3294025495,97411845120
sz399654,深证文化,3329.208,-41.26,-1.224,3370.468,3337.338,3396.027,3275.025,5491427061,84817840848
sz399655,深证绩效,11306.395,-46.333,-0.408,11352.728,11274.17,11424.331,11228.15,1992895666,90945424250
sz399656,100绩效,6550.888,-45.127,-0.684,6596.015,6526.984,6609.025,6508.306,4765353986,208715114762
sz399657,300绩效,7607.999,-16.123,-0.211,7624.122,7548.012,7685.391,7507.332,15451794537,427984805749
sz399658,中小绩效,5084.0,24.17,0.478,5059.83,5014.536,5138.231,4986.417,5172708660,137272319136
sz399659,深成指EW,5018.733,-7.849,-0.156,5026.582,4977.393,5074.096,4948.007,24682637593,591273520203
sz399660,中创EW,2861.094,-3.968,-0.138,2865.062,2833.991,2892.993,2819.25,4599968363,226975172722
sz399661,深证低波,6197.395,-20.673,-0.332,6218.068,6183.008,6250.172,6154.491,4345868274,63238079461
sz399662,深证高贝,2559.492,-6.077,-0.237,2565.569,2535.303,2598.866,2508.759,4467282509,245995441262
sz399663,中小低波,2066.363,1.941,0.094,2064.422,2051.762,2089.371,2045.965,3318807441,43657127814
sz399664,中小高贝,1529.13,0.578,0.038,1528.552,1511.837,1551.526,1497.363,4512254423,116379137370
sz399665,中创低波,2498.675,-0.733,-0.029,2499.408,2482.542,2526.034,2472.43,8263119933,131360132300
sz399666,中创高贝,2215.85,-8.377,-0.377,2224.227,2199.979,2252.911,2179.999,8630757581,329188666842
sz399667,创业成长,5570.008,-57.399,-1.02,5627.407,5560.506,5670.311,5511.622,1915845926,152123136611
sz399668,创业板V,5206.711,20.508,0.395,5186.203,5139.532,5259.667,5120.142,3058596626,89664989595
sz399669,深证农业,8557.939,-39.269,-0.457,8597.208,8507.683,8619.068,8502.459,1158912958,26103533678
sz399670,深周期50,4267.792,16.6,0.39,4251.192,4196.671,4315.141,4181.279,4005785192,111485110711
sz399671,深防御50,9892.969,-164.905,-1.64,10057.874,9980.943,10052.423,9874.302,3339148250,104090968915
sz399672,深红利50,4325.917,-6.293,-0.145,4332.21,4309.878,4366.795,4297.499,1146990943,12181139163
sz399673,创业板50,3385.755,-27.828,-0.815,3413.583,3372.468,3443.445,3346.438,2999351321,179672404972
sz399674,深A医药,1985.356,-1.766,-0.089,1987.122,1987.833,2006.654,1981.471,4072512397,61906581186
sz399675,深互联网,3674.119,-28.51,-0.77,3702.629,3668.848,3733.383,3623.466,4542041131,90595664176
sz399676,深医药EW,4000.949,17.822,0.447,3983.127,4000.037,4047.698,3995.136,4072512397,61906581186
sz399677,深互联EW,6049.928,-21.75,-0.358,6071.678,6021.852,6134.828,5955.516,4542041131,90595664176
sz399678,深次新股,644.634,-0.155,-0.024,644.789,639.861,653.451,636.135,496543772,19385984718
sz399679,深证200R,6903.669,-1.275,-0.018,6904.944,6815.928,6988.865,6763.596,10686440551,219269690987
sz399680,深成能源,854.104,-11.732,-1.355,865.836,845.828,863.824,835.692,326004275,3288235053
sz399681,深成材料,1447.117,14.911,1.041,1432.206,1399.189,1465.64,1391.962,4225019602,85468151064
sz399682,深成工业,1987.197,11.192,0.566,1976.005,1955.115,2009.357,1946.44,5990569539,141205913959
sz399683,深成可选,1986.731,-14.478,-0.723,2001.209,1989.778,2007.462,1973.161,3498596814,58101076334
sz399684,深成消费,1775.756,-21.628,-1.203,1797.384,1788.732,1799.563,1773.342,634259435,15875957968
sz399685,深成医药,1636.682,-9.139,-0.555,1645.821,1641.272,1651.721,1632.461,904269699,19591936895
sz399686,深成金融,2151.369,-13.11,-0.606,2164.479,2154.247,2166.015,2147.533,1716307770,17515188826
sz399687,深成信息,3917.618,-20.717,-0.526,3938.335,3896.442,3973.527,3861.89,5708358634,167551986448
sz399688,深成电信,6358.445,-176.611,-2.703,6535.056,6437.895,6556.007,6289.161,642535142,75547049955
sz399689,深成公用,902.733,8.577,0.959,894.156,887.793,908.899,886.591,702808357,4803459319
sz399692,创业低波,4092.632,-18.663,-0.454,4111.295,4082.693,4136.047,4064.833,2110034913,67248672810
sz399693,安防产业,5343.858,-30.641,-0.57,5374.499,5336.896,5410.26,5306.393,1809380976,40761611937
sz399694,创业高贝,4604.92,-13.615,-0.295,4618.535,4571.417,4687.97,4539.979,3401658960,177059038879
sz399695,深证节能,3120.44,42.03,1.365,3078.41,3043.327,3158.679,3031.446,6211537923,139137774423
sz399696,深证创投,4596.179,-25.241,-0.546,4621.42,4552.649,4682.805,4515.741,6047573751,157087604148
sz399697,中关村60,4152.987,-62.0,-1.471,4214.987,4171.204,4228.51,4119.239,3043899557,63828676203
sz399698,优势成长,55935.359,-47.621,-0.085,55982.98,55602.051,56539.766,55332.281,713252314,7651629664
sz399699,金融科技,4382.485,-37.444,-0.847,4419.929,4386.051,4435.869,4357.193,2085654771,45133716275
sz399701,深证F60,8151.752,-48.831,-0.595,8200.583,8133.951,8209.582,8095.955,4210973470,76294140241
sz399702,深证F120,7843.206,-24.77,-0.315,7867.976,7791.226,7906.511,7759.577,7391823823,147678628318
sz399703,深证F200,7816.514,-16.392,-0.209,7832.906,7751.389,7884.855,7719.096,10610282998,229198914838
sz399704,深证上游,7550.174,30.135,0.401,7520.039,7281.173,7664.493,7239.157,3622438645,73570018782
sz399705,深证中游,4404.899,-14.405,-0.326,4419.304,4367.963,4468.421,4337.232,6667490451,278947851153
sz399706,深证下游,5821.499,-47.16,-0.804,5868.659,5834.555,5876.191,5795.775,5905264358,119677126983
sz399707,CSSW证券,6395.445,-48.327,-0.75,6443.772,6409.573,6453.25,6388.568,2184675431,28044519232
sz399750,深主板50,9059.464,-59.536,-0.653,9119.0,9063.312,9123.033,9022.242,3056288231,62227256029
sz399802,500深市,7644.021,-0.36,-0.005,7644.381,7555.284,7747.412,7501.845,11333581641,240509620780
sz399803,工业4.0,5666.748,-20.94,-0.368,5687.688,5632.948,5729.201,5597.411,2139371768,79001768534
sz399804,中证体育,2147.542,-8.86,-0.411,2156.402,2135.075,2176.405,2105.771,1005534418,21487538778
sz399805,互联金融,3751.057,-31.332,-0.828,3782.389,3749.489,3794.878,3726.322,2122107964,40822002787
sz399806,环境治理,1503.425,15.681,1.054,1487.744,1473.61,1518.344,1469.17,1866361958,18004298389
sz399807,高铁产业,1240.563,-5.298,-0.425,1245.861,1239.708,1249.653,1235.503,1377446931,9769481473
sz399808,中证新能,2957.896,45.457,1.561,2912.439,2871.09,2994.889,2863.502,6207251730,141334079655
sz399809,保险主题,2716.752,-10.723,-0.393,2727.475,2714.621,2732.179,2694.4,1734417992,21063210832
sz399810,CSSW传媒,3508.067,-43.802,-1.233,3551.869,3512.663,3571.069,3435.658,5738715448,82621421380
sz399811,CSSW电子,5827.563,-19.18,-0.328,5846.743,5769.211,5910.534,5732.213,1936206097,119891087173
sz399812,养老产业,6509.145,-35.933,-0.549,6545.078,6511.851,6564.015,6476.288,2075888757,44744571347
sz399813,中证国安,8591.141,-98.714,-1.136,8689.855,8606.667,8721.021,8526.937,5041565038,138641378710
sz399814,大农业,1229.209,1.915,0.156,1227.294,1211.855,1239.676,1211.684,1506889276,26307425713
sz399850,深证50,8869.867,-79.866,-0.892,8949.733,8866.298,8973.754,8808.84,3036065331,136629703058
sz399852,中证1000,8051.574,-16.503,-0.205,8068.077,7980.466,8152.322,7950.01,28108356300,444590291967
sz399901,小康指数,6407.42,-11.339,-0.177,6418.759,6360.059,6443.278,6347.687,8963016800,118685462214
sz399903,中证100,4534.92,-23.323,-0.512,4558.243,4505.64,4570.804,4492.065,8870589000,273586877602
sz399905,中证 500,8146.413,0.306,0.004,8146.107,8054.218,8247.297,8014.66,21864214400,418373434781
sz399913,300 医药,8313.811,-24.936,-0.299,8338.747,8303.979,8365.795,8267.425,547640100,20455279022
sz399914,300 金融,6476.25,-45.052,-0.691,6521.302,6493.249,6522.662,6447.734,4884180700,53665141158
sz399928,中证能源,3202.147,19.943,0.627,3182.204,3125.765,3218.606,3121.73,2169669500,19194326022
sz399932,中证消费,15333.477,-185.128,-1.193,15518.605,15454.838,15553.184,15301.866,885085300,34940310666
sz399933,中证医药,8263.317,-20.381,-0.246,8283.698,8265.688,8323.004,8220.219,1277047000,36010864480
sz399934,中证金融,6078.662,-42.061,-0.687,6120.723,6093.994,6118.884,6054.044,6676136500,67863895356
sz399935,中证信息,6582.412,-28.533,-0.432,6610.945,6537.565,6669.203,6494.202,4701448700,204876380875
sz399959,军工指数,1976.664,-42.192,-2.09,2018.856,1999.65,2017.717,1968.005,910049848,32138025925
sz399965,800地产,2794.729,-57.184,-2.005,2851.913,2829.681,2837.564,2792.347,783217234,4802241136
sz399966,800非银,6528.441,-43.67,-0.664,6572.111,6536.104,6583.184,6508.574,2192835666,34754234101
sz399967,中证军工,14714.652,-264.996,-1.769,14979.648,14840.759,14992.965,14665.355,2659647513,81950918535
sz399970,移动互联,4643.237,-46.289,-0.987,4689.526,4637.602,4708.901,4595.055,7208669333,187790719291
sz399971,中证传媒,1715.844,-24.655,-1.417,1740.499,1719.578,1750.496,1681.513,4985118419,71737893389
sz399972,300深市,5620.193,-36.687,-0.649,5656.88,5597.226,5682.763,5570.792,6076680481,234039089586
sz399973,中证国防,2021.928,-38.316,-1.86,2060.244,2040.449,2059.062,2011.668,1305127936,44757487933
sz399974,国企改革,1962.167,-10.209,-0.518,1972.376,1953.317,1975.254,1945.842,6553131534,153121853485
sz399975,证券公司,833.429,-6.329,-0.754,839.758,835.298,840.962,832.529,2162400045,27897437419
sz399976,CS新能车,4396.172,77.196,1.787,4318.976,4261.337,4444.057,4244.542,1726071216,79672618263
sz399982,500等权,9779.253,-10.335,-0.106,9789.588,9697.179,9891.521,9646.546,21864214400,418373434781
sz399983,地产等权,2154.945,-44.459,-2.021,2199.404,2179.52,2187.802,2150.448,546202155,3362057503
sz399986,中证银行,7212.202,-43.266,-0.596,7255.468,7236.004,7268.537,7172.606,4121213567,29466460106
sz399987,中证酒,5162.485,-113.958,-2.16,5276.443,5259.059,5291.742,5157.698,368895289,26477374577
sz399989,中证医疗,7118.976,-52.313,-0.729,7171.289,7120.938,7173.817,7064.156,748584716,20706014396
sz399990,煤炭等权,3169.622,-13.966,-0.439,3183.588,3151.405,3200.25,3119.698,1733695042,13582366187
sz399991,一带一路,3189.704,-15.77,-0.492,3205.474,3157.681,3223.295,3147.588,9163300633,170915326895
sz399992,CSWD并购,2231.327,-6.343,-0.283,2237.67,2215.688,2258.872,2204.021,2096688897,62887142192
sz399993,CSWD生科,2693.206,-2.142,-0.079,2695.348,2683.145,2717.298,2672.036,833763212,21465591988
sz399994,信息安全,1920.269,-8.3,-0.43,1928.569,1909.82,1947.763,1895.57,2199938685,48253943210
sz399995,基建工程,4017.231,-42.573,-1.049,4059.804,4027.615,4057.874,4010.81,2742514740,19363215199
sz399996,智能家居,4729.783,-23.595,-0.496,4753.378,4714.988,4786.909,4673.189,3272932058,117895549110
sz399997,中证白酒,8980.585,-220.752,-2.399,9201.337,9166.295,9222.443,8968.168,255314615,24272111316
sz399998,中证煤炭,2164.854,-7.081,-0.326,2171.935,2147.026,2181.698,2128.378,1733695042,13582366187
sz970070,CNTAI50,6323.931,-139.702,-2.161,6463.633,6384.692,6491.241,6266.128,2468384744,119096910717
sz980015,疫苗生科,6369.4,-18.836,-0.295,6388.236,6370.96,6420.684,6341.837,640922474,21773737639
sz980016,医疗健康,6123.001,-10.998,-0.179,6133.999,6114.45,6167.556,6081.743,716818411,26816506551
sz980018,卫星通信,5839.459,-87.042,-1.469,5926.501,5859.441,6009.893,5825.42,1571489551,66863070239
sz980022,CNIROBOT,2613.148,41.149,1.6,2571.999,2550.078,2647.591,2534.016,828207419,34482196407
sz980027,CNINEB,3403.442,27.299,0.809,3376.143,3337.331,3449.533,3314.94,1116961954,51689638608
sz980028,龙头家电,12499.961,-23.409,-0.187,12523.37,12456.8,12575.425,12391.675,557435672,16376851818
sz980030,消费电子,7383.035,-27.295,-0.368,7410.33,7322.296,7490.809,7266.914,2303585092,82586177756
sz980032,新能电池,15629.144,292.902,1.91,15336.242,15114.628,15795.834,15084.833,1481813725,68777697028
sz980035,化肥农药,2512.236,36.505,1.475,2475.731,2428.405,2542.547,2422.265,1564141366,23238034401
sz980076,通用航空,3859.139,-59.764,-1.525,3918.903,3887.287,3930.562,3841.563,1167042110,37439329540
sz980092,CNIFCF,5728.354,-13.463,-0.234,5741.817,5664.692,5770.933,5654.822,4109314323,59042462438
