代码,名称,最新价,涨跌额,涨跌幅,买入,卖出,昨收,今开,最高,最低,成交量,成交额,时点,市盈率,市净率,流通市值,总市值,换手率
sh688001,华兴源创,31.81,0.39,1.241,31.78,31.81,31.42,30.92,32.07,30.92,3388926,107221430,15:00:01,-28.15,4.08,1413922.190583,1413922.190583,0.76243
sh688002,睿创微纳,110.0,-2.97,-2.629,110.0,110.01,112.97,112.15,113.28,109.91,7029405,782223543,15:34:59,85.938,8.426,5062621.619,5062621.619,1.52734
sh688003,天准科技,75.2,-1.46,-1.905,75.19,75.2,76.66,75.39,78.05,75.0,2637206,200825286,15:00:01,115.71,7.83,1461290.16,1461290.16,1.35714
sh688004,博汇科技,23.9,0.0,0.0,23.9,23.92,23.9,23.74,24.2,23.5,1647081,39415897,15:00:03,-49.792,3.243,191410.32,191410.32,2.05659
sh688005,容百科技,30.07,1.03,3.547,30.07,30.08,29.04,28.91,30.8,28.65,26394064,791909498,15:34:59,71.595,2.651,2149179.48829,2148858.587264,3.69345
sh688006,杭可科技,30.91,0.85,2.828,30.9,30.91,30.06,29.52,31.5,29.22,10327672,317006499,15:00:01,57.241,3.408,1865950.621832,1865950.621832,1.71081
sh688007,光峰科技,16.98,-0.2,-1.164,16.98,16.99,17.18,17.0,17.28,16.84,4721716,80698936,15:00:01,283.0,3.03,780427.34823,780427.34823,1.02732
sh688008,澜起科技,163.54,-4.61,-2.742,163.54,163.55,168.15,165.0,166.96,162.8,31515210,5193818869,15:34:59,130.832,15.293,18748659.324434,18748659.324434,2.749
sh688009,中国通号,5.62,-0.01,-0.178,5.61,5.62,5.63,5.6,5.68,5.57,29330424,165153132,15:00:03,17.563,1.292,5951478.278,4845012.116,0.34022
sh688010,福光股份,28.9,0.06,0.208,28.9,28.95,28.84,28.83,29.4,28.6,2211530,64238739,15:00:03,478.477,2.764,464022.96042,464022.96042,1.37737
sh688011,新光光电,65.75,-1.93,-2.852,65.75,65.76,67.68,67.68,67.68,65.15,1108456,73399637,15:00:03,-96.691,6.145,657500.0,655281.088725,1.11221
sh688012,中微公司,349.2,-7.68,-2.152,349.2,349.37,356.88,352.48,360.0,348.82,9194775,3254095013,15:34:59,133.793,10.183,21864994.12044,21864994.12044,1.46847
sh688013,天臣医疗,42.54,0.61,1.455,42.41,42.54,41.93,42.29,43.35,41.7,1109279,47262066,15:00:03,65.446,5.758,345235.9224,345235.9224,1.36685
sh688015,交控科技,24.65,0.22,0.901,24.65,24.68,24.43,24.45,24.82,23.75,1409387,34572818,15:34:59,56.023,1.792,465098.02903,465098.02903,0.74697
sh688016,心脉医疗,97.98,-1.27,-1.28,97.97,97.98,99.25,99.39,99.69,97.93,1181334,116637911,15:00:03,24.074,3.052,1207722.222366,1207722.222366,0.95839
sh688017,绿的谐波,217.4,12.28,5.987,217.4,217.41,205.12,202.0,224.68,198.48,12221114,2616926611,15:34:59,654.622,11.367,3985596.9175,3985596.9175,6.66618
sh688018,乐鑫科技,161.82,0.29,0.18,161.82,161.83,161.53,160.02,164.47,158.75,2113300,343315036,15:00:03,52.388,6.265,2704708.18782,2535763.447404,1.3486
sh688019,安集科技,261.2,1.07,0.411,261.2,262.0,260.13,260.14,269.62,257.58,2420875,636688051,15:00:03,63.092,13.256,4402851.194,4402851.194,1.43619
sh688020,方邦股份,84.0,-1.18,-1.385,83.95,84.0,85.18,86.12,87.46,80.6,2549469,213152225,15:00:03,-73.684,5.003,691933.2,691933.2,3.09503
sh688021,奥福科技,23.8,0.2,0.847,23.77,23.8,23.6,23.37,24.18,23.02,1655511,39216083,15:00:03,-40.339,2.12,181864.64646,181864.64646,2.16651
sh688022,瀚川智能,15.85,0.43,2.789,15.84,15.85,15.42,15.33,16.06,15.26,5099184,80454348,15:00:03,-2.528,4.024,278767.14354,278767.14354,2.89927
sh688023,安恒信息,54.43,0.03,0.055,54.42,54.43,54.4,54.4,56.0,53.61,3000716,164518988,15:00:01,-28.057,2.447,555542.761435,555542.761435,2.93999
sh688025,杰普特,177.29,-0.39,-0.219,177.29,177.5,177.68,173.5,184.5,170.05,5616689,1002699920,15:00:03,126.636,7.64,1685131.220367,1685131.220367,5.90923
sh688026,洁特生物,18.4,0.07,0.382,18.38,18.4,18.33,18.21,18.68,18.14,1564721,28819245,15:00:03,35.385,2.333,258270.3948,258187.92232,1.11511
sh688027,国盾量子,668.58,-0.43,-0.064,668.58,668.96,669.01,654.0,692.0,648.66,4110619,2774495175,15:00:00,-1671.45,21.402,6877080.804858,5373669.62946,5.11434
sh688028,沃尔德,85.85,0.08,0.093,85.83,85.85,85.77,85.57,88.3,82.72,4916572,421398346,15:00:03,131.51,6.607,1295897.165,1295897.165,3.25711
sh688029,南微医学,81.05,0.05,0.062,81.05,81.1,81.0,81.04,82.3,80.0,1304073,106221060,15:00:03,27.475,3.739,1522503.35531,1522503.35531,0.69422
sh688030,山石网科,17.4,-0.18,-1.024,17.4,17.42,17.58,17.66,17.73,17.26,2535037,44446229,15:00:03,-22.856,3.766,313610.30592,313610.30592,1.40651
sh688031,星环科技,178.02,-5.5,-2.997,178.02,178.03,183.52,182.94,184.9,176.0,4003595,724763348,15:00:03,-62.683,24.109,2156461.576632,2156461.576632,3.30504
sh688032,禾迈股份,109.11,0.67,0.618,109.11,109.12,108.44,107.44,110.72,106.09,1474655,161021232,15:00:03,39.108,2.321,1353766.449495,1353766.449495,1.18853
sh688033,天宜新材,8.08,0.07,0.874,8.07,8.08,8.01,7.91,8.17,7.88,11339815,91248561,15:34:59,-3.049,1.378,454256.465568,454256.465568,2.01705
sh688035,德邦科技,49.9,-0.21,-0.419,49.9,49.93,50.11,49.61,50.79,49.43,2228682,111937679,15:00:01,72.319,3.066,709777.6,709777.6,1.56685
sh688036,传音控股,60.5,-0.83,-1.353,60.5,60.51,61.33,60.66,61.29,60.1,8153900,495421282,15:00:01,12.347,3.459,6964666.49725,6964666.49725,0.70831
sh688037,芯源微,203.0,-4.03,-1.947,202.88,203.0,207.03,205.79,209.05,202.22,6103361,1258729205,15:34:59,200.99,15.124,4093034.1088,4093034.1088,3.02705
sh688038,中科通达,22.55,0.6,2.733,22.54,22.55,21.95,21.8,23.07,21.55,5345047,121103990,15:00:03,-140.938,4.436,262422.017,262422.017,4.59301
sh688039,当虹科技,52.28,-0.06,-0.115,52.27,52.28,52.34,51.98,53.14,51.19,2672362,139539585,15:00:03,-57.451,5.205,578224.244672,578224.244672,2.41621
sh688041,海光信息,242.68,4.51,1.894,242.63,242.68,238.17,235.8,247.54,232.58,20362793,4902853725,15:34:59,292.386,25.761,56407036.792388,56407036.792388,0.87607
sh688045,必易微,48.45,-1.4,-2.808,48.45,48.47,49.85,49.66,49.66,48.33,2316435,113402798,15:00:03,-193.8,2.447,338364.233055,338364.233055,3.31688
sh688046,药康生物,17.4,0.11,0.636,17.38,17.4,17.29,17.26,17.87,17.01,3634841,63607877,15:00:03,64.444,3.241,713400.0,713400.0,0.88655
sh688047,龙芯中科,158.2,3.92,2.541,158.18,158.2,154.28,152.32,159.35,150.13,7709456,1200223902,15:34:59,-101.41,24.822,6343820.0,6343820.0,1.92256
sh688048,长光华芯,132.96,6.71,5.315,132.95,132.96,126.25,122.1,137.5,122.01,12600553,1663470246,15:00:01,-234.249,7.799,2343818.122128,2343818.122128,7.14804
sh688049,炬芯科技,51.48,0.28,0.547,51.48,51.5,51.2,50.99,52.18,50.49,3947670,203364134,15:00:03,69.568,4.556,901763.0622,901763.0622,2.25365
sh688050,爱博医疗,60.26,-0.47,-0.774,60.25,60.26,60.73,60.56,60.86,60.13,2087665,126226569,15:00:03,29.395,4.147,1165447.53255,1165447.53255,1.07944
sh688051,佳华科技,35.78,0.4,1.131,35.77,35.78,35.38,35.55,36.15,35.01,856286,30623431,15:00:03,-26.902,4.24,276701.052,276701.052,1.10726
sh688052,纳芯微,174.17,-6.84,-3.779,174.17,174.21,181.01,177.7,179.78,174.11,2254444,396809521,15:00:01,-60.899,4.821,2832412.332561,2482417.717561,1.58175
sh688053,ST思科瑞,44.09,-0.68,-1.519,44.09,44.11,44.77,44.77,44.99,43.72,1133483,50332003,15:00:03,-209.952,2.741,440900.0,440900.0,1.13348
sh688055,龙腾光电,3.79,0.02,0.531,3.79,3.8,3.77,3.75,3.82,3.73,8720887,33041440,15:00:01,-66.491,3.075,1263333.3586,1263333.3586,0.26163
sh688056,莱伯泰科,36.88,-0.19,-0.513,36.82,36.88,37.07,36.76,37.29,36.16,577040,21328361,15:00:03,62.508,3.093,248764.67248,248764.67248,0.85548
sh688057,金达莱,12.93,0.05,0.388,12.92,12.93,12.88,12.86,13.04,12.77,2023551,26210265,15:00:03,26.079,1.131,356868.0,356868.0,0.73317
sh688058,宝兰德,31.8,0.24,0.76,31.8,31.96,31.56,31.53,32.38,31.22,1351195,43195652,15:00:01,-40.253,3.789,241160.20992,241160.20992,1.78172
sh688059,华锐精密,99.23,0.68,0.69,99.08,99.23,98.55,97.57,100.45,95.37,1988101,196496301,15:00:03,57.358,7.485,992168.698864,928580.110418,2.12453
sh688060,云涌科技,46.58,0.43,0.932,46.45,46.58,46.15,45.66,47.24,45.55,548183,25526376,15:00:03,-79.624,3.113,280368.411024,280368.411024,0.91074
sh688061,灿瑞科技,35.21,-0.25,-0.705,35.14,35.21,35.46,35.39,35.63,34.83,801336,28256152,15:00:01,-76.543,1.699,404525.545711,158519.321268,1.77991
sh688062,迈威生物,35.8,-0.26,-0.721,35.79,35.8,36.06,36.09,36.75,35.62,5429570,196413760,15:00:03,-13.716,18.796,1430568.0,730928.6,2.65934
sh688063,派能科技,61.4,0.78,1.287,61.4,61.41,60.62,60.0,62.67,59.51,5759851,353241774,15:34:59,361.176,1.647,1506505.78886,1506505.78886,2.34752
sh688065,凯赛生物,54.21,-0.19,-0.349,54.21,54.31,54.4,54.17,55.12,53.23,3903659,212691707,15:00:01,64.536,2.222,3910111.973274,3162492.349419,0.66915
sh688066,航天宏图,23.62,-0.49,-2.032,23.61,23.62,24.11,24.0,24.4,23.51,16901993,403103451,15:00:03,-4.432,14.722,617138.095102,617138.095102,6.46897
sh688067,爱威科技,28.46,0.69,2.485,28.35,28.46,27.77,27.95,28.8,27.56,1680898,47609476,15:00:03,83.706,3.733,193528.0,193528.0,2.47191
sh688068,热景生物,136.05,-0.12,-0.088,136.02,136.05,136.17,135.08,141.28,132.91,1784145,245199481,15:00:01,-64.175,4.301,1261291.5237,1261291.5237,1.92448
sh688069,德林海,24.91,0.5,2.048,24.91,24.99,24.41,24.38,25.4,24.04,1446775,35983491,15:00:03,-31.936,2.263,281483.0,281483.0,1.28033
sh688070,纵横股份,58.1,-0.08,-0.138,58.1,58.17,58.18,58.37,59.37,57.0,1748581,102076988,15:00:01,-141.707,8.45,508839.8,508839.8,1.99655
sh688071,华依科技,39.89,1.09,2.809,39.89,39.91,38.8,38.46,40.99,37.84,4491869,178549830,15:00:03,-72.527,3.194,338226.209036,338226.209036,5.29766
sh688072,拓荆科技,330.33,0.66,0.2,330.12,330.33,329.67,328.44,338.0,323.33,4033946,1339917854,15:00:01,133.198,15.297,9326699.147766,9326699.147766,1.42873
sh688073,毕得医药,61.55,-0.03,-0.049,61.55,61.64,61.58,62.08,62.48,60.0,1106924,68065560,15:34:59,46.629,2.793,559384.54494,266106.32866,2.5603
sh688075,安旭生物,39.58,-0.23,-0.578,39.58,39.59,39.81,39.91,39.99,39.55,799711,31829993,15:00:03,26.212,0.974,502993.74219,502993.74219,0.62928
sh688076,ST诺泰,34.8,-0.34,-0.968,34.8,34.81,35.14,34.95,35.28,34.61,2318822,80983158,15:00:03,18.511,3.537,1099860.60156,1099860.60156,0.73368
sh688077,大地熊,32.36,0.7,2.211,32.35,32.36,31.66,31.15,32.8,31.15,3248545,104856484,15:00:03,115.571,3.412,370452.438944,370452.438944,2.83769
sh688078,龙软科技,28.7,-0.03,-0.104,28.7,28.72,28.73,28.73,29.4,28.39,699462,20239570,15:00:03,62.391,2.914,209202.91,209202.91,0.95957
sh688079,美迪凯,13.39,0.47,3.638,13.39,13.4,12.92,12.98,13.72,12.76,11163599,148974589,15:00:03,-51.5,4.217,550634.610682,541039.443802,2.76284
sh688080,映翰通,57.45,-0.39,-0.674,57.33,57.45,57.84,57.11,58.32,56.71,1569101,90370255,15:00:03,32.642,3.769,423154.47834,423154.47834,2.13031
sh688081,兴图新科,39.0,1.36,3.613,38.99,39.0,37.64,37.45,39.77,37.07,3004155,116301657,15:00:03,-49.367,10.272,401856.0,401856.0,2.91552
sh688082,盛美上海,177.01,-1.35,-0.757,177.01,177.07,178.36,176.1,179.98,176.05,1863605,331831557,15:00:03,67.049,6.4,8499396.930089,7724359.01681,0.42706
sh688083,中望软件,67.01,0.02,0.03,67.01,67.03,66.99,66.5,68.41,65.8,1913647,128764254,15:00:03,126.434,4.382,1136799.494446,1136799.494446,1.12802
sh688084,晶品特装,83.06,0.47,0.569,83.06,83.29,82.59,82.29,83.98,81.34,700668,58103529,15:00:03,-109.289,4.007,628424.202196,615768.856662,0.94512
sh688085,三友医疗,21.93,0.75,3.541,21.93,21.95,21.18,20.88,22.57,20.81,9635762,211798539,15:00:00,438.6,3.524,731283.258114,688127.665065,3.07083
sh688087,英科再生,31.5,0.0,0.0,31.5,31.51,31.5,31.01,32.02,31.01,882985,27956474,15:00:03,19.091,2.228,611272.54125,586673.2935,0.4741
sh688088,虹软科技,47.51,-0.63,-1.309,47.51,47.52,48.14,47.79,48.36,47.11,5197052,248529648,15:34:59,107.977,7.158,1905960.5704,1905960.5704,1.29547
sh688089,嘉必优,19.17,-0.08,-0.416,19.17,19.2,19.25,19.2,19.3,19.06,2313005,44405717,15:00:03,25.905,1.982,322648.58304,322648.58304,1.37426
sh688090,瑞松科技,54.6,2.8,5.405,54.58,54.6,51.8,50.0,57.49,50.0,9903613,542734836,15:00:01,455.0,7.528,668140.54944,668140.54944,8.09317
sh688091,上海谊众,50.17,0.27,0.541,50.17,50.3,49.9,49.87,51.19,49.49,2633603,132729499,15:00:01,1672.333,7.098,1037032.16188,1037032.16188,1.2741
sh688092,爱科科技,30.62,-0.2,-0.649,30.62,30.63,30.82,30.41,31.31,30.41,1769564,54740506,15:00:03,37.341,3.9,253116.37188,253116.37188,2.14068
sh688093,世华科技,34.39,0.34,0.999,34.35,34.39,34.05,33.9,34.65,33.66,1878273,64501535,15:34:59,32.14,3.414,964236.418249,903189.081968,0.71517
sh688095,福昕软件,91.95,-2.21,-2.347,91.95,92.06,94.16,93.12,93.88,90.66,2685952,247962223,15:00:03,303.666,3.319,840050.82318,840050.82318,2.93998
sh688096,京源环保,9.31,0.07,0.758,9.31,9.32,9.24,9.2,9.47,9.12,6361099,59594510,15:00:03,-58.188,2.446,219757.340124,219757.340124,2.69487
sh688097,博众精工,42.59,-0.54,-1.252,42.59,42.6,43.13,42.56,43.17,41.91,5889580,250906272,15:00:01,47.747,4.009,1902272.831135,1895292.330135,1.32348
sh688098,申联生物,9.35,0.0,0.0,9.33,9.35,9.35,9.24,9.46,9.24,2626817,24595575,15:00:01,-85.0,2.723,383952.14,383952.14,0.63968
sh688099,晶晨股份,81.06,-0.8,-0.977,81.05,81.06,81.86,81.01,82.43,79.9,7145118,581999303,15:34:59,41.147,4.76,3413968.458978,3413968.458978,1.69651
sh688100,威胜信息,40.0,-0.22,-0.547,40.0,40.04,40.22,40.0,40.44,39.5,2215666,88996776,15:00:03,31.25,5.885,1966740.7,1966740.7,0.45063
sh688101,三达膜,16.73,0.02,0.12,16.73,16.75,16.71,16.71,16.95,16.56,1461189,24599922,15:00:03,17.611,1.278,555456.186418,555456.186418,0.4401
sh688102,斯瑞新材,38.72,-0.89,-2.247,38.72,38.73,39.61,38.6,40.1,38.11,17961473,699884878,15:34:59,245.841,16.57,3002572.903616,2841015.186592,2.44796
sh688103,国力电子,62.0,0.04,0.065,62.0,62.1,61.96,61.88,62.72,61.0,637570,39527454,15:00:03,193.75,5.262,590956.4162,590956.4162,0.6689
sh688105,诺唯赞,20.89,-0.1,-0.476,20.89,20.92,20.99,20.9,21.19,20.8,872653,18354112,15:00:03,-417.8,2.162,830867.462416,830867.462416,0.21941
sh688106,金宏气体,21.44,-0.15,-0.695,21.44,21.45,21.59,21.29,21.83,21.29,5033163,108893825,15:34:59,51.048,3.494,1033360.311008,1033360.311008,1.04427
sh688107,安路科技,28.29,-0.01,-0.035,28.28,28.29,28.3,28.25,28.74,27.91,4593053,130146451,15:00:03,-55.275,11.067,1134002.859243,1134002.859243,1.14583
sh688108,赛诺医疗,22.51,-0.07,-0.31,22.51,22.52,22.58,22.4,23.25,22.35,10359888,236713882,15:34:59,5627.5,10.445,940809.952,940809.952,2.47873
sh688109,品茗科技,122.97,-0.66,-0.534,122.88,122.97,123.63,123.63,124.06,121.22,1013557,124147033,15:00:03,307.425,12.181,969523.7631,969523.7631,1.28555
sh688110,东芯股份,124.97,-0.78,-0.62,124.97,124.98,125.75,124.03,128.26,123.24,13161871,1652588507,15:34:59,-328.868,17.767,5526795.225726,5526795.225726,2.97612
sh688111,金山办公,303.62,-5.83,-1.884,303.62,303.65,309.45,306.91,308.88,303.33,5805872,1773145023,15:34:59,85.287,11.594,14063049.694066,14063049.694066,1.25348
sh688112,鼎阳科技,38.49,-0.36,-0.927,38.43,38.49,38.85,38.88,38.92,38.22,636521,24604806,15:00:01,54.986,3.905,614288.402667,614288.402667,0.39883
sh688113,联测科技,44.21,-0.25,-0.562,44.21,44.27,44.46,44.03,44.97,43.69,1037642,46128573,15:00:01,34.271,2.886,284701.608339,284701.608339,1.61131
sh688114,华大智造,67.5,0.8,1.199,67.49,67.5,66.7,66.48,68.18,65.29,4203939,283099757,15:00:00,-46.233,3.638,2811484.04625,2796759.4275,1.01462
sh688115,思林杰,47.03,0.87,1.885,47.03,47.05,46.16,46.96,47.98,45.86,1770502,83439719,15:00:03,204.478,2.504,313549.01,313549.01,2.65562
sh688116,天奈科技,46.35,0.57,1.245,46.35,46.36,45.78,45.14,47.1,44.9,7436428,343802822,15:00:03,63.493,4.595,1698875.917335,1698875.917335,2.02886
sh688117,圣诺生物,38.84,-0.84,-2.117,38.84,38.85,39.68,38.9,39.5,38.61,2481892,96657574,15:00:03,86.311,5.924,611287.138552,611287.138552,1.57695
sh688118,普元信息,29.81,-0.9,-2.931,29.8,29.81,30.71,30.47,30.49,29.6,3770793,113267539,15:00:03,419.859,3.374,278177.121453,278177.121453,4.04085
sh688119,中钢洛耐,6.21,0.01,0.161,6.21,6.22,6.2,6.25,6.39,6.2,24834959,155664187,15:00:01,-118.286,2.344,698625.0,698625.0,2.20755
sh688120,华海清科,179.32,-1.86,-1.027,179.32,179.35,181.18,181.0,184.68,178.05,3533230,641103765,15:00:01,41.413,8.805,6341687.502612,6341687.502612,0.99907
sh688121,卓然股份,12.03,0.24,2.036,12.0,12.03,11.79,11.73,12.1,11.66,3175343,38034834,15:00:03,25.063,1.08,281037.645609,243808.000401,1.56678
sh688122,西部超导,81.65,-0.53,-0.645,81.64,81.65,82.18,81.57,82.77,80.68,12066933,988888089,15:34:59,66.242,7.671,5304510.618005,5304510.618005,1.85741
sh688123,聚辰股份,148.5,-3.8,-2.495,148.5,148.52,152.3,148.21,151.98,147.34,4870428,729698229,15:34:59,80.707,9.407,2350325.0034,2350325.0034,3.07727
sh688125,安达智能,179.44,5.81,3.346,179.44,179.73,173.63,171.63,183.0,171.63,779586,138453509,15:00:01,-472.211,7.906,1473675.332064,1465840.622784,0.95433
sh688126,沪硅产业,20.82,0.02,0.096,20.82,20.83,20.8,20.8,21.12,20.55,25692666,537921680,15:00:03,-58.98,6.099,6881058.704226,5687313.323874,0.94055
sh688127,蓝特光学,47.72,-0.35,-0.728,47.71,47.72,48.07,47.33,48.92,46.2,10118693,481273733,15:00:03,86.764,9.571,1936943.8244,1936943.8244,2.49292
sh688128,XD中国电,29.26,0.0,0.0,29.11,29.26,29.26,29.07,29.69,28.86,1773627,52181818,15:00:03,25.443,3.471,1183567.0,1183567.0,0.43847
sh688129,东来技术,23.61,-0.29,-1.213,23.61,23.64,23.9,23.9,24.43,23.31,2769023,65768784,15:00:03,31.48,3.012,284450.4468,284450.4468,2.29835
sh688130,晶华微,23.38,-0.12,-0.511,23.36,23.38,23.5,23.3,23.68,22.94,1072843,25085910,15:00:03,-212.545,2.267,282643.377772,140946.549772,1.77962
sh688131,皓元医药,70.15,-0.93,-1.308,70.15,70.39,71.08,70.5,71.96,69.35,3487342,245886756,15:00:01,73.073,4.929,1487907.125795,1487907.125795,1.64417
sh688132,邦彦技术,18.9,0.07,0.372,18.9,18.91,18.83,18.53,19.09,18.53,1446967,27296446,15:00:01,-78.75,2.086,287705.63556,205056.90702,1.33366
sh688133,泰坦科技,24.72,0.04,0.162,24.72,24.76,24.68,24.68,25.19,24.38,2332776,58063535,15:00:03,309.0,1.456,406488.207144,406488.207144,1.41864
sh688135,利扬芯片,32.71,-0.64,-1.919,32.71,32.72,33.35,32.71,33.41,32.36,7148207,234971857,15:00:01,-105.516,6.098,665495.525143,665495.525143,3.51344
sh688136,科兴制药,31.66,1.32,4.351,31.65,31.66,30.34,30.59,32.27,30.49,5248272,165530883,15:00:03,197.875,3.718,637180.4535,637180.4535,2.60774
sh688137,近岸蛋白,43.98,0.7,1.617,43.9,43.98,43.28,43.7,44.68,42.55,948250,41443531,15:00:03,-56.385,1.483,308631.580722,143706.580722,2.90203
sh688138,清溢光电,28.73,-0.07,-0.243,28.73,28.74,28.8,28.47,28.98,28.31,2718481,78072218,15:00:03,44.2,3.31,904420.4,904420.4,0.86356
sh688139,海尔生物,32.41,-0.25,-0.765,32.41,32.43,32.66,32.65,32.99,32.37,1999893,65382383,15:00:01,27.94,2.366,1025753.560202,1025753.560202,0.63189
sh688141,杰华特,49.7,-0.45,-0.897,49.7,49.71,50.15,49.07,51.19,48.38,8267111,412906002,15:34:59,-36.815,12.912,2238098.39673,2238098.39673,1.83582
sh688143,长盈通,57.66,3.09,5.662,57.66,57.67,54.57,54.54,59.48,54.01,12189031,700405443,15:00:03,384.4,6.118,742550.104332,705610.940316,9.96044
sh688146,中船特气,42.02,-0.28,-0.662,42.02,42.03,42.3,42.24,42.75,41.64,3472006,146890514,15:34:59,73.719,3.924,2224588.23653,609167.478084,2.39497
sh688147,微导纳米,71.0,-0.73,-1.018,70.99,71.0,71.73,70.2,72.8,69.11,5520666,392573236,15:00:03,142.0,11.331,3274216.7093,3274216.7093,1.19713
sh688148,芳源股份,8.5,0.23,2.781,8.49,8.5,8.27,8.27,8.64,8.18,14404144,122040705,15:00:03,-10.0,14.97,433647.09505,433647.09505,2.82338
sh688150,莱特光电,26.65,-0.55,-2.022,26.63,26.65,27.2,26.72,27.33,26.65,8094473,218040467,15:00:03,63.452,5.946,1072496.164025,1072496.164025,2.01136
sh688151,华强科技,21.42,-0.18,-0.833,21.42,21.45,21.6,21.45,21.74,21.23,1774834,38267868,15:00:01,306.0,1.761,737919.0,737919.0,0.51519
sh688152,麒麟信安,38.93,-0.03,-0.077,38.92,38.93,38.96,38.6,39.19,38.3,1117415,43428127,15:00:03,389.3,3.197,400318.587587,400318.587587,1.08666
sh688153,唯捷创芯,37.18,-0.59,-1.562,37.17,37.18,37.77,37.43,37.96,36.89,3617759,135828542,15:00:03,-619.667,4.004,1599903.763744,1519246.996124,0.88536
sh688155,先惠技术,95.0,-2.58,-2.644,95.0,95.03,97.58,94.5,98.97,93.2,3355741,320220733,15:00:01,50.802,5.672,1201142.076,1201142.076,2.6541
sh688156,路德科技,19.43,0.29,1.515,19.4,19.43,19.14,19.03,19.6,18.95,1491932,28928072,15:00:03,-34.696,2.392,195687.607051,195687.607051,1.48135
sh688157,松井股份,36.37,-0.32,-0.872,36.36,36.37,36.69,36.8,36.94,36.2,1053016,38381635,15:00:03,46.628,4.207,568939.83796,568939.83796,0.67315
sh688158,优刻得,34.4,0.12,0.35,34.4,34.41,34.28,33.96,35.53,33.15,37532706,1290660032,15:34:59,-64.906,6.523,1569689.47864,1394830.24352,9.2565
sh688159,有方科技,47.77,-0.15,-0.313,47.76,47.77,47.92,47.9,48.98,47.6,2051106,98656620,15:00:03,43.826,4.675,443825.43314,442965.57314,2.21194
sh688160,步科股份,129.8,4.18,3.327,129.78,129.8,125.62,125.6,133.79,123.63,3900485,506364482,15:00:03,223.793,9.31,1179002.03388,1179002.03388,4.29417
sh688161,威高骨科,29.8,-0.16,-0.534,29.78,29.8,29.96,30.25,30.26,29.75,796771,23883787,15:00:03,53.214,2.926,1192000.0,1192000.0,0.19919
sh688162,巨一科技,34.19,0.57,1.695,34.13,34.19,33.62,33.77,34.53,33.23,1559519,53114874,15:00:01,213.688,1.954,468747.549725,468747.549725,1.1375
sh688163,赛伦生物,25.54,-0.64,-2.445,25.54,25.55,26.18,26.0,27.7,25.42,4060502,107200640,15:00:01,62.293,2.457,276393.88,276393.88,3.75208
sh688165,埃夫特,22.57,0.0,0.0,0.0,0.0,22.57,0.0,0.0,0.0,0,0,16:19:36,-75.233,7.853,1177657.46,1177657.46,0.0
sh688166,博瑞医药,46.32,0.01,0.022,46.32,46.39,46.31,45.88,47.17,45.66,4982461,232031737,15:00:03,102.933,8.211,1959817.037832,1959817.037832,1.1776
sh688167,炬光科技,293.0,-2.0,-0.678,291.0,293.0,295.0,289.05,315.0,289.05,10432241,3168320696,15:00:01,-150.256,11.98,2632884.0532,2632884.0532,11.6095
sh688168,安博通,71.77,0.32,0.448,71.77,71.79,71.45,71.72,72.6,70.0,658465,46957483,15:00:03,-46.303,5.573,553956.773708,553956.773708,0.8531
sh688169,石头科技,151.31,-0.5,-0.329,151.31,151.47,151.81,151.25,152.88,149.4,3218218,488121543,15:00:01,14.049,2.849,3920538.454208,3920538.454208,1.24205
sh688170,德龙激光,39.4,-0.38,-0.955,39.4,39.41,39.78,39.1,40.2,38.51,4689042,184684106,15:00:03,-119.394,3.353,407238.4,407238.4,4.53661
sh688171,纬德信息,53.23,1.64,3.179,53.23,53.27,51.59,50.0,54.06,50.0,1193549,62677400,15:00:03,380.214,5.405,445925.8082,445925.8082,1.42474
sh688172,燕东微,42.6,-1.62,-3.664,42.6,42.61,44.22,43.28,44.63,42.59,13434647,585971125,15:00:03,-284.0,3.256,6081653.09322,3316541.9961,1.72564
sh688173,希荻微,15.48,-0.03,-0.193,15.46,15.48,15.51,15.43,15.77,15.28,6943830,108207875,15:00:03,-20.919,4.419,638886.13272,631899.533484,1.70107
sh688175,高凌信息,36.11,0.79,2.237,36.11,36.13,35.32,35.02,36.48,34.72,2478077,88602048,15:00:03,-90.275,2.683,466963.687,466963.687,1.91628
sh688176,亚虹医药,12.07,-0.08,-0.658,12.07,12.08,12.15,12.21,12.22,12.02,7380169,89515854,15:00:03,-17.75,3.952,689402.776602,525872.940443,1.69392
sh688177,百奥泰,23.68,-0.06,-0.253,23.68,23.74,23.74,23.68,24.25,23.57,1478423,35374554,15:00:03,-19.252,20.251,980541.44,980541.44,0.35704
sh688178,万德斯,24.92,-0.18,-0.717,24.9,24.92,25.1,25.08,25.35,24.73,754013,18904660,15:00:03,-28.542,2.127,211814.627248,211814.627248,0.8871
sh688179,阿拉丁,16.19,-0.05,-0.308,16.19,16.2,16.24,16.06,17.0,15.8,11397599,187724435,15:00:03,44.972,5.306,538490.694144,538490.694144,3.42675
sh688180,君实生物,34.9,-0.19,-0.541,34.9,34.92,35.09,34.87,35.49,34.54,6419970,225386878,15:00:03,-26.846,5.764,3583147.64979,2674715.65679,0.83769
sh688181,八亿时空,34.25,0.57,1.692,34.25,34.27,33.68,33.65,34.8,33.17,3321166,113511588,15:00:03,60.088,2.222,460599.29505,460599.29505,2.46961
sh688182,灿勤科技,32.53,-0.37,-1.125,32.52,32.53,32.9,32.65,33.44,32.32,3694326,121496989,15:00:01,232.357,5.816,1301200.0,1301200.0,0.92358
sh688183,生益电子,85.21,2.58,3.122,85.2,85.21,82.63,82.29,87.5,80.5,14690910,1245595446,15:34:59,213.025,13.741,7087948.232175,7087948.232175,1.76611
sh688184,ST帕瓦,10.46,-0.01,-0.096,10.43,10.46,10.47,10.47,10.5,10.26,1390535,14457480,15:00:03,-2.284,1.046,166363.699644,105109.939644,1.38379
sh688185,康希诺,65.18,-1.27,-1.911,65.18,65.19,66.45,66.0,66.5,65.01,1951209,128035569,15:00:03,-42.601,3.265,1610231.494918,745482.568718,1.70601
sh688186,广大特材,21.93,-0.08,-0.363,21.93,21.94,22.01,21.9,22.19,21.81,4222646,93232518,15:00:03,40.611,1.286,615113.157708,615113.157708,1.50546
sh688187,时代电气,56.62,0.12,0.212,56.62,56.63,56.5,55.71,57.65,55.41,4751120,270319097,15:00:03,21.611,1.87,7688703.908744,4919754.332944,0.54679
sh688188,柏楚电子,149.53,-3.77,-2.459,149.53,149.77,153.3,152.2,153.68,148.7,1271249,191399357,15:00:01,34.774,7.179,4317378.598431,4317378.598431,0.44029
sh688189,南新制药,8.55,0.1,1.183,8.54,8.55,8.45,8.36,8.64,8.36,4999845,42710396,15:00:01,-6.573,2.709,234612.0,234612.0,1.8221
sh688190,云路股份,99.81,0.82,0.828,99.8,99.81,98.99,98.76,101.38,97.36,1764576,175788905,15:00:03,33.182,4.468,1197720.0,1197720.0,1.47048
sh688191,智洋创新,38.41,0.0,0.0,0.0,0.0,38.41,0.0,0.0,0.0,0,0,16:19:31,112.971,10.186,889769.07117,889769.07117,0.0
sh688192,迪哲医药,53.0,-0.82,-1.524,53.0,53.04,53.82,53.25,54.01,52.52,1870420,99614583,15:00:01,-25.98,17.096,2462556.7126,2436359.7507,0.40689
sh688193,仁度生物,52.81,0.63,1.207,52.79,52.81,52.18,52.12,53.53,51.49,478051,25198639,15:00:03,-264.05,2.304,211608.98347,211608.98347,1.19304
sh688195,腾景科技,221.01,-16.64,-7.002,221.0,221.01,237.65,223.0,233.01,220.31,8083530,1824621764,15:00:03,409.278,29.601,2858764.35,2858764.35,6.24935
sh688196,卓越新能,77.77,1.13,1.474,77.76,77.77,76.64,75.27,78.66,75.27,1244429,96652089,15:00:03,62.718,3.408,989162.812715,933240.0,1.03702
sh688197,首药控股,36.3,-0.13,-0.357,36.26,36.3,36.43,36.22,36.8,36.12,625068,22790734,15:00:01,-25.385,8.252,539851.21509,232337.72166,0.97659
sh688198,佰仁医疗,105.2,-1.26,-1.184,105.2,105.27,106.46,107.2,107.2,105.06,229725,24403622,15:00:03,98.318,11.632,1449110.35916,1449110.35916,0.16677
sh688199,久日新材,26.59,0.43,1.644,26.59,26.6,26.16,26.0,26.81,25.8,3313517,88070019,15:00:03,-80.576,1.67,428703.260409,428703.260409,2.05518
sh688200,华峰测控,267.21,-5.69,-2.085,267.21,267.28,272.9,272.15,278.47,267.03,3644281,988470575,15:00:03,108.182,9.332,3621583.305225,3621583.305225,2.68885
sh688201,信安世纪,15.86,0.26,1.667,15.86,15.87,15.6,15.55,16.15,15.45,8188572,130556483,15:34:59,-104.686,3.867,503005.952176,479813.774258,2.70669
sh688202,美迪西,70.0,4.7,7.198,69.97,70.0,65.3,64.58,71.28,63.6,8469728,577172111,15:00:01,-28.34,4.558,940465.288,940465.288,6.30412
sh688203,海正生材,13.28,0.29,2.232,13.24,13.28,12.99,12.93,13.34,12.87,2614765,34429792,15:00:01,73.778,1.827,269156.474304,164828.713296,2.10668
sh688205,德科立,165.36,-8.4,-4.834,165.36,165.38,173.76,166.5,178.0,165.14,9734770,1656662541,15:00:03,199.229,11.48,2617406.200344,2617406.200344,6.15014
sh688206,概伦电子,35.25,-0.51,-1.426,35.23,35.25,35.76,35.67,36.06,34.71,4392919,155476282,15:34:59,-160.227,7.602,1534001.931825,1534001.931825,1.00945
sh688207,格灵深瞳,15.98,-0.05,-0.312,15.98,15.99,16.03,15.9,16.2,15.8,4198589,67369709,15:00:03,-19.024,2.161,413839.088906,413839.088906,1.62124
sh688208,道通科技,34.29,-0.01,-0.029,34.29,34.34,34.3,34.1,34.91,33.78,7020556,242386033,15:00:03,23.648,6.814,2298059.019189,2298059.019189,1.04756
sh688209,英集芯,24.98,0.93,3.867,24.98,24.99,24.05,24.6,26.19,24.21,18848349,472600970,15:34:59,86.138,5.195,1083592.554402,1083592.554402,4.3451
sh688210,统联精密,56.94,0.98,1.751,56.94,56.95,55.96,55.71,59.29,55.01,4476067,257478022,15:00:03,121.149,7.04,921624.160938,921624.160938,2.76541
sh688211,中科微至,33.07,0.16,0.486,33.07,33.09,32.91,33.07,33.4,32.81,420664,13976441,15:00:03,-49.358,1.289,435229.964286,435229.964286,0.31963
sh688212,澳华内镜,42.39,-0.32,-0.749,42.39,42.44,42.71,42.67,42.88,42.3,1312003,55900293,15:00:01,264.938,4.583,570845.99475,570845.99475,0.97427
sh688213,思特威,94.67,-1.88,-1.947,94.66,94.67,96.55,95.2,97.42,94.26,7379962,705524729,15:00:01,96.602,7.721,3808638.238925,3062664.209292,2.28122
sh688215,瑞晟智能,71.66,0.06,0.084,71.3,71.43,71.6,71.11,72.5,69.79,467745,33400687,15:00:01,231.161,9.754,447325.145654,447325.145654,0.74931
sh688216,气派科技,29.73,-1.48,-4.742,29.72,29.73,31.21,30.66,30.66,29.33,4412499,132193577,15:00:03,-30.969,5.453,317753.660265,315987.698265,4.15154
sh688217,睿昂基因,30.82,0.3,0.983,30.82,30.83,30.52,30.51,30.96,30.17,582992,17880233,15:00:01,-110.071,1.905,172147.871472,172147.871472,1.04374
sh688218,江苏北人,21.51,0.16,0.749,21.46,21.51,21.35,21.21,21.79,21.1,1837018,39574742,15:00:01,56.605,2.866,255112.310475,255112.310475,1.5489
sh688219,会通股份,12.24,0.22,1.83,12.24,12.25,12.02,12.0,12.4,11.86,7915858,96724791,15:00:03,28.465,2.264,672710.4,672710.4,1.44029
sh688220,翱捷科技,77.66,-1.24,-1.572,77.66,77.68,78.9,78.34,79.15,76.76,6083724,474188226,15:00:03,-45.682,5.891,3248524.703974,2866736.052312,1.64808
sh688221,前沿生物,23.1,0.92,4.148,23.1,23.11,22.18,22.17,23.67,21.61,13988992,320002511,15:00:03,-42.778,8.816,865276.68843,865276.68843,3.73459
sh688222,成都先导,29.84,-0.4,-1.323,29.84,29.85,30.24,30.1,30.66,29.67,9683825,291542092,15:00:01,229.538,8.13,1195629.12,1195629.12,2.41685
sh688223,晶科能源,8.33,0.44,5.577,8.33,8.34,7.89,7.61,8.76,7.6,532674119,4374181866,15:34:59,833.0,3.05,8334334.939497,8334334.939497,5.32397
sh688225,亚信安全,19.72,-0.11,-0.555,19.71,19.72,19.83,19.8,20.03,19.58,3765668,74648568,15:00:03,795.161,4.441,788819.72,788819.72,0.94139
sh688226,威腾电气,39.0,1.15,3.038,38.91,39.0,37.85,37.6,39.26,37.52,2671320,103453772,15:00:03,63.934,4.41,736224.528,736224.528,1.41508
sh688227,品高股份,66.86,-0.78,-1.153,66.86,66.9,67.64,66.82,69.17,66.0,2252853,152203585,15:00:01,-117.298,5.838,755887.56865,755887.56865,1.9927
sh688228,开普云,164.5,-7.15,-4.165,164.48,164.5,171.65,169.94,171.88,163.0,2542365,424348990,15:00:03,530.645,8.338,1111210.002,1111210.002,3.76364
sh688229,博睿数据,83.9,3.55,4.418,83.76,83.9,80.35,77.09,85.87,77.08,3575694,291159388,15:34:59,-31.541,8.901,372516.0,372516.0,8.05336
sh688230,芯导科技,71.29,-1.43,-1.966,71.29,71.3,72.72,72.45,72.81,71.29,1120597,80741221,15:00:03,79.211,3.692,838370.4,838370.4,0.95289
sh688231,隆达股份,29.3,-1.6,-5.178,29.29,29.3,30.9,30.44,30.44,28.91,6692633,197418612,15:00:01,108.519,2.597,723291.42899,723291.42899,2.71114
sh688232,新点软件,28.1,-0.4,-1.404,28.1,28.13,28.5,28.4,28.78,28.01,1690676,47973065,15:00:01,44.603,1.707,904769.34975,904769.34975,0.52508
sh688233,神工股份,86.64,-3.62,-4.011,86.61,86.64,90.26,88.0,90.2,86.5,5883562,518579511,15:00:01,361.0,7.949,1475528.896704,1475528.896704,3.45471
sh688234,天岳先进,93.18,-0.4,-0.427,93.18,93.2,93.58,92.1,97.27,91.0,6769265,639021700,15:00:00,221.857,6.104,4515675.592992,4004047.507992,1.57531
sh688235,百济神州,272.5,-3.1,-1.125,272.5,272.78,275.6,274.0,275.5,270.71,1411383,385775557,15:00:00,-74.863,14.312,41983470.29525,3135255.835,1.2267
sh688236,春立医疗,23.08,-0.05,-0.216,23.08,23.13,23.13,23.0,23.43,22.8,1344669,31136611,15:00:03,69.939,2.966,885276.098,665691.824,0.46621
sh688237,超卓航科,48.89,1.28,2.689,48.89,48.92,47.61,48.14,49.34,47.37,1251853,60899248,15:00:03,325.933,3.623,438455.063328,438455.063328,1.39588
sh688238,和元生物,7.05,0.08,1.148,7.05,7.06,6.97,6.97,7.12,6.89,7442135,52429049,15:00:01,-14.185,3.089,457570.8735,452007.7185,1.16076
sh688239,航宇科技,65.7,-2.0,-2.954,65.7,65.8,67.7,66.5,67.61,64.34,4784957,316583360,15:00:03,50.538,6.361,1252439.36937,1252439.36937,2.51007
sh688244,永信至诚,22.41,0.1,0.448,22.38,22.41,22.31,22.17,22.62,21.94,1379114,30868720,15:00:01,280.125,3.494,338304.764079,338304.764079,0.91355
sh688246,嘉和美康,24.37,-0.13,-0.531,24.37,24.38,24.5,24.18,24.71,23.9,3097425,75394967,15:34:59,-13.102,2.426,335296.102326,335296.102326,2.25127
sh688247,宣泰医药,10.41,0.05,0.483,10.41,10.42,10.36,10.4,10.55,10.37,3226022,33736224,15:00:00,37.179,3.608,471926.94,471926.94,0.71161
sh688248,南网科技,49.92,-0.2,-0.399,49.91,49.92,50.12,49.86,50.68,48.77,3534601,177169730,15:00:03,76.8,8.812,2818982.4,2818982.4,0.62593
sh688249,晶合集成,34.68,0.31,0.902,34.67,34.68,34.37,33.79,36.42,33.7,31704684,1106915419,15:34:59,128.444,3.254,6962328.005196,4120740.842448,2.66825
sh688251,井松智能,26.83,0.78,2.994,26.71,26.83,26.05,26.14,27.32,25.71,2077368,55307287,15:00:01,53.66,3.227,269916.413595,268040.52707,2.07938
sh688252,天德钰,22.28,-0.2,-0.89,22.27,22.28,22.48,22.35,22.67,22.1,4332615,97153914,15:00:03,32.765,3.868,911299.547748,413974.043528,2.3318
sh688253,英诺特,34.91,-0.3,-0.852,34.91,34.95,35.21,35.38,35.47,34.86,1058026,37163023,15:00:03,19.287,2.353,478212.247156,478212.247156,0.77237
sh688255,凯尔达,34.53,0.59,1.738,34.53,34.54,33.94,33.6,34.98,33.51,2517612,86787951,15:00:03,115.1,3.582,379342.67811,379342.67811,2.29168
sh688256,寒武纪,1036.99,-21.34,-2.016,1036.99,1037.0,1058.33,1042.55,1062.68,1015.56,7981348,8272185155,15:34:59,-951.367,38.659,43728330.44383,43382499.878576,1.90781
sh688257,新锐股份,48.27,-1.03,-2.089,48.27,48.28,49.3,48.9,49.8,48.17,4473357,218691769,15:00:03,47.655,5.259,1218375.848808,1218375.848808,1.77227
sh688258,卓易信息,126.78,-5.37,-4.064,126.78,126.79,132.15,129.0,132.58,126.78,4617906,594660906,15:00:03,469.556,17.548,1535841.280686,1535841.280686,3.81197
sh688259,创耀科技,42.18,-0.25,-0.589,42.17,42.18,42.43,42.36,43.09,42.0,1669544,71189724,15:00:03,78.111,2.991,471150.6,471150.6,1.49467
sh688260,昀冢科技,29.51,0.33,1.131,29.51,29.59,29.18,28.9,30.08,28.73,2844182,84135992,15:00:03,-28.57,28.726,354120.0,354120.0,2.37015
sh688261,东微半导,87.69,-2.06,-2.295,87.68,87.69,89.75,88.01,89.69,87.5,2834680,250421696,15:00:03,265.727,3.645,1074859.955775,1070664.988941,2.32167
sh688262,国芯科技,39.21,-0.89,-2.219,39.21,39.23,40.1,38.92,40.8,38.08,27372695,1080599714,15:34:59,-71.291,6.389,1317455.658873,1317455.658873,8.14664
sh688265,南模生物,45.9,0.17,0.372,45.89,45.9,45.73,45.2,46.8,44.83,657599,30192995,15:00:01,573.75,2.102,357852.52467,357852.52467,0.84347
sh688266,泽璟制药,91.43,0.93,1.028,91.43,91.5,90.5,90.75,93.33,88.8,3316604,304166308,15:00:03,-175.827,21.063,2420226.944598,2420226.944598,1.25293
sh688267,中触媒,28.74,0.21,0.736,28.74,28.78,28.53,28.4,29.26,28.3,2153616,62319233,15:00:03,33.812,1.779,506398.8,506398.8,1.22226
sh688268,华特气体,61.73,0.04,0.065,61.72,61.73,61.69,60.95,62.43,60.95,1404005,87016909,15:00:03,40.084,4.027,740737.635221,740237.622221,1.17083
sh688269,凯立新材,42.81,-0.3,-0.696,42.81,42.9,43.11,42.6,43.65,42.0,2278897,97821033,15:00:01,60.296,5.438,559543.824,559543.824,1.74356
sh688270,臻镭科技,182.0,-7.0,-3.704,182.0,182.01,189.0,183.31,191.87,181.0,14032045,2601177606,15:34:59,2275.0,17.518,3895739.12,3895739.12,6.55545
sh688271,联影医疗,128.5,-0.91,-0.703,128.5,128.51,129.41,129.41,129.8,127.81,3266039,421059554,15:00:03,83.442,5.089,10590430.1458,10590430.1458,0.39629
sh688272,富吉瑞,30.27,-0.17,-0.558,30.25,30.27,30.44,30.07,31.12,30.07,1484523,45362245,15:00:03,201.8,5.063,230052.0,230052.0,1.95332
sh688273,麦澜德,43.44,-0.75,-1.697,43.44,43.48,44.19,44.02,44.37,43.22,1057276,46221227,15:00:03,42.138,3.176,434400.0,159975.57576,2.87094
sh688275,万润新能,86.5,8.05,10.261,86.5,86.51,78.45,77.9,89.76,77.1,9709812,825972412,15:00:01,-12.357,2.087,1090924.70495,731762.10375,11.47776
sh688276,百克生物,20.04,0.03,0.15,20.04,20.06,20.01,19.98,20.3,19.91,1930062,38878605,15:00:03,35.786,2.095,828969.826392,828969.826392,0.46658
sh688277,天智航,27.05,2.42,9.825,27.04,27.05,24.63,24.1,27.6,23.45,27755952,725953656,15:00:01,-100.185,9.875,1233458.45197,1233458.45197,6.08694
sh688278,特宝生物,69.11,-0.66,-0.946,69.11,69.2,69.77,69.78,69.78,68.1,2958983,203595546,15:00:03,34.044,9.374,2820997.49628,2820997.49628,0.7249
sh688279,峰岹科技,195.12,5.64,2.977,195.12,195.39,189.48,189.11,197.99,185.71,1277419,245717717,15:00:03,80.963,4.522,2246105.92896,1825505.25696,1.36538
sh688280,精进电动,10.03,-0.08,-0.791,10.03,10.04,10.11,10.06,10.3,9.88,25952600,262084813,15:00:01,-13.554,8.888,591992.332001,522105.777435,4.98567
sh688281,华秦科技,93.7,-2.34,-2.436,93.7,93.74,96.04,94.5,97.38,93.51,2145959,204221215,15:00:03,43.991,5.483,2553987.22475,2553987.22475,0.7873
sh688282,理工导航,71.82,-1.88,-2.551,71.82,71.88,73.7,72.99,76.52,70.98,1478187,108387633,15:00:03,-1436.4,4.943,632016.0,632016.0,1.67976
sh688283,坤恒顺维,48.46,-0.59,-1.203,48.46,48.47,49.05,48.18,49.37,47.61,815324,39655965,15:00:01,161.533,6.107,590242.8,590242.8,0.6694
sh688285,高铁电气,9.62,0.07,0.733,9.61,9.62,9.55,9.58,9.71,9.42,2855072,27399517,15:00:03,80.234,2.161,361990.896306,361990.896306,0.75874
sh688286,敏芯股份,76.46,0.88,1.164,76.46,76.47,75.58,74.57,77.19,74.32,1486807,113050430,15:00:03,-121.365,4.003,428633.016712,428633.016712,2.65218
sh688287,*ST观典,5.26,-0.1,-1.866,5.25,5.26,5.36,5.36,5.41,5.23,3951871,21015810,15:00:03,-14.216,2.542,194891.2056,194891.2056,1.06659
sh688288,鸿泉技术,28.25,0.92,3.366,28.24,28.25,27.33,27.17,29.33,26.62,5904933,168657400,15:00:01,-941.667,3.642,281973.7138,281973.7138,5.91595
sh688289,圣湘生物,19.97,-0.03,-0.15,19.97,19.98,20.0,20.01,20.18,19.88,5144115,103221324,15:34:59,42.489,1.623,1157037.847982,1157037.847982,0.88785
sh688290,景业智能,52.78,0.32,0.61,52.59,52.78,52.46,52.47,53.38,51.95,541023,28595239,15:00:03,142.649,4.266,539357.310492,539357.310492,0.52943
sh688291,金橙子,43.93,-0.94,-2.095,43.92,43.93,44.87,44.8,44.8,43.29,2269874,100098427,15:00:01,146.433,4.74,451014.8131,451014.8131,2.21092
sh688292,浩瀚深度,27.58,-0.17,-0.613,27.58,27.6,27.75,27.48,28.18,27.33,4460893,123889527,15:00:03,119.913,4.306,436725.902144,278092.030384,4.42413
sh688293,奥浦迈,55.9,3.48,6.639,55.89,55.9,52.42,51.5,57.85,51.5,2825648,157975228,15:00:03,294.211,3.028,636254.66086,636254.66086,2.48256
sh688295,中复神鹰,30.9,-0.51,-1.624,30.88,30.9,31.41,31.07,31.61,30.67,4084821,127393242,15:00:03,-220.714,5.93,2781000.0,2781000.0,0.45387
sh688296,和达科技,16.06,0.03,0.187,16.05,16.06,16.03,15.87,16.26,15.8,1362891,21917902,15:00:03,-321.2,2.727,173285.24796,172473.41496,1.26907
sh688297,中无人机,48.11,-0.65,-1.333,48.1,48.11,48.76,48.8,48.8,47.7,5104378,246287129,15:00:01,-601.375,5.672,3247425.0,3247425.0,0.7562
sh688298,东方生物,24.3,0.03,0.124,24.3,24.32,24.27,24.19,24.45,24.15,1575591,38348140,15:00:03,-9.033,0.77,489888.0,489888.0,0.78154
sh688299,长阳科技,19.65,0.11,0.563,19.65,19.66,19.54,19.44,20.17,19.3,7786981,153842409,15:00:03,-196.5,2.712,564727.03671,564727.03671,2.70952
sh688300,联瑞新材,59.83,-0.02,-0.033,59.82,59.83,59.85,59.12,60.94,59.12,3103046,186467224,15:00:00,44.319,8.845,1444710.16377,1444710.16377,1.28507
sh688301,奕瑞科技,122.07,0.47,0.387,122.07,122.08,121.6,119.5,124.9,119.19,2105391,257291882,15:00:03,37.445,4.432,2581159.639773,2446284.740913,1.05059
sh688302,海创药业,45.83,-0.18,-0.391,45.82,45.83,46.01,46.67,46.67,45.75,886653,40871973,15:00:03,-22.801,4.122,453788.485634,453788.485634,0.89547
sh688303,大全能源,24.0,0.35,1.48,24.0,24.01,23.65,23.49,24.32,23.15,16145807,385233769,15:00:03,-18.898,1.317,5148493.7376,5148493.7376,0.75265
sh688305,科德数控,58.82,0.07,0.119,58.82,58.85,58.75,58.26,59.29,58.26,1280836,75403686,15:00:03,44.788,4.164,781757.079996,777681.442196,0.96876
sh688306,均普智能,10.4,0.03,0.289,10.4,10.41,10.37,10.33,10.57,10.23,7711682,80564220,15:00:01,1552.239,7.062,1277414.112,1277414.112,0.62784
sh688307,中润光学,46.44,-0.4,-0.854,46.43,46.44,46.84,46.7,48.22,45.87,2036670,95590664,15:00:00,76.131,4.658,412266.456,273639.907368,3.45648
sh688308,欧科亿,48.39,1.38,2.936,48.36,48.39,47.01,46.95,50.5,46.21,7048633,341792337,15:00:01,134.417,2.98,768344.685012,768344.685012,4.4392
sh688309,恒誉环保,33.09,1.44,4.55,33.09,33.1,31.65,31.66,33.66,31.17,2785043,90802168,15:00:03,151.998,3.505,262738.799121,262738.799121,3.50755
sh688310,迈得医疗,17.39,0.64,3.821,17.38,17.39,16.75,16.74,17.85,16.54,6513332,113310187,15:00:01,-144.917,3.588,289056.04091,289056.04091,3.91851
sh688311,盟升电子,44.99,0.08,0.178,44.97,44.99,44.91,43.89,46.2,43.89,5483565,249380384,15:00:01,-26.78,4.777,755474.176534,755474.176534,3.26557
sh688312,燕麦科技,49.8,4.2,9.211,49.79,49.8,45.6,44.0,52.78,44.0,15237723,739196493,15:34:59,75.455,4.911,725940.65568,725940.65568,10.45318
sh688313,仕佳光子,78.65,-0.5,-0.632,78.64,78.65,79.15,78.03,81.49,77.66,17464679,1390883872,15:34:59,547.702,24.083,3554872.46972,3554872.46972,3.86398
sh688314,康拓医疗,39.48,0.86,2.227,39.48,39.49,38.62,38.64,39.96,38.27,2056043,81199504,15:00:01,36.22,4.66,320732.251056,320732.251056,2.53085
sh688315,诺禾致源,15.49,-0.06,-0.386,15.48,15.49,15.55,15.4,15.74,15.3,3132155,48726193,15:00:01,32.271,2.484,644693.8,644693.8,0.75256
sh688316,青云科技,75.4,2.46,3.373,75.4,75.41,72.94,72.22,78.9,71.01,4813552,362072791,15:34:59,-37.7,94.629,361151.89266,361151.89266,10.04956
sh688317,之江生物,21.55,0.07,0.326,21.55,21.56,21.48,21.48,21.9,21.48,3411312,73845496,15:00:03,-32.164,1.22,414100.487845,414100.487845,1.77526
sh688318,财富趋势,129.09,-3.1,-2.345,129.09,129.28,132.19,131.75,132.3,129.09,1691240,221256565,15:00:03,77.765,8.925,3306246.264048,3306246.264048,0.66033
sh688319,欧林生物,23.59,-0.41,-1.708,23.58,23.59,24.0,23.98,24.09,23.5,3092200,73468255,15:00:03,460.742,9.971,957067.2951,956360.5387,0.76274
sh688320,禾川科技,34.94,0.44,1.275,34.94,34.96,34.5,34.46,35.48,33.88,2487412,86551648,15:00:03,-31.764,4.221,527641.755992,527641.755992,1.64714
sh688321,微芯生物,31.02,-0.09,-0.289,31.02,31.06,31.11,31.05,31.4,30.75,7021050,218684752,15:00:03,-110.47,8.256,1265019.048018,1265019.048018,1.72166
sh688322,奥比中光,92.95,3.89,4.368,92.93,92.95,89.06,88.3,96.3,87.75,9709044,898876348,15:00:03,-580.938,12.526,3728635.7108,2962097.06364,3.04668
sh688323,瑞华泰,24.91,-0.51,-2.006,24.91,24.93,25.42,24.9,25.66,24.55,6233002,156185840,15:00:03,-77.844,5.922,448380.557984,448380.557984,3.46277
sh688325,赛微微电,96.02,-1.97,-2.01,96.02,96.05,97.99,97.1,98.42,95.48,890670,86250138,15:00:01,99.678,4.81,827106.82203,768160.0,1.11334
sh688326,经纬恒润,138.48,0.03,0.022,138.3,138.48,138.45,137.25,141.26,135.6,2332341,324007687,15:00:03,-28.971,4.214,1661192.78592,1545744.724128,2.08949
sh688327,云从科技,14.74,-0.25,-1.668,14.74,14.75,14.99,14.91,15.09,14.62,20980531,311970590,15:00:01,-22.0,16.125,1530820.51848,1228492.09296,2.51734
sh688328,深科达,32.67,0.27,0.833,32.67,32.69,32.4,31.98,33.26,31.95,2445359,80102421,15:00:03,-29.17,3.723,308588.715765,308588.715765,2.58888
sh688329,艾隆科技,25.6,0.21,0.827,25.6,25.63,25.39,25.51,25.99,24.93,1631703,41798885,15:00:03,-88.276,2.544,197632.0,197632.0,2.1136
sh688330,宏力达,44.75,0.66,1.497,44.75,44.76,44.09,43.69,45.28,43.61,3298322,147830359,15:34:59,27.958,1.618,626500.0,626500.0,2.35594
sh688331,荣昌生物,99.68,-0.52,-0.519,99.68,99.69,100.2,99.51,103.33,97.73,4249949,428961391,15:00:03,-36.513,24.252,5626711.550544,1625712.140416,2.60584
sh688332,中科蓝讯,132.09,0.26,0.197,132.09,132.1,131.83,130.6,135.79,130.04,1737255,231517813,15:34:59,52.836,3.89,1592981.6238,1592981.6238,1.44053
sh688333,铂力特,102.2,-2.46,-2.35,102.2,102.21,104.66,103.74,105.93,101.99,6494144,673326538,15:34:59,265.593,5.685,2803572.61828,2803572.61828,2.36734
sh688334,西高院,24.01,0.25,1.052,24.01,24.02,23.76,23.51,24.37,23.3,5905920,141699059,15:00:01,33.241,2.66,760107.297866,376728.179898,3.76402
sh688335,复洁科技,39.12,-0.28,-0.711,39.12,39.13,39.4,39.36,39.93,38.78,3156199,124091071,15:00:01,-111.771,5.059,579111.323904,579111.323904,2.13207
sh688336,三生国健,60.42,1.67,2.843,60.4,60.42,58.75,58.63,62.35,58.2,7008779,426061685,15:00:01,53.0,6.331,3734478.651126,3726619.761306,1.13634
sh688337,普源精电,39.75,1.96,5.187,39.7,39.75,37.79,37.6,39.91,37.3,4960674,192918431,15:00:03,81.122,2.453,770650.807575,739019.92395,2.66822
sh688338,赛科希德,33.25,0.34,1.033,33.25,33.26,32.91,32.64,34.86,32.0,7891263,264921952,15:00:01,31.075,2.12,352923.48,352923.48,7.4346
sh688339,亿华通,31.0,-1.1,-3.427,30.98,31.0,32.1,31.85,31.98,30.97,5269828,164984996,15:00:01,-15.736,3.292,745649.4511,606940.0689,2.69161
sh688343,云天励飞,78.9,0.63,0.805,78.83,78.9,78.27,77.82,80.79,75.98,9355908,735552311,15:34:59,-48.405,7.314,2837270.6682,2087748.7566,3.53578
sh688345,博力威,35.64,0.57,1.625,35.62,35.64,35.07,34.35,36.1,34.35,903631,32095354,15:34:59,-36.742,3.265,360496.818,356400.0,0.90363
sh688347,华虹公司,130.26,-0.73,-0.557,130.26,130.29,130.99,128.5,133.6,127.5,11675027,1529129519,15:34:59,592.091,5.086,22634396.946018,5311351.5,2.86328
sh688348,昱能科技,54.93,0.03,0.055,54.93,54.96,54.9,54.68,55.98,52.88,3759144,205224818,15:00:03,61.033,2.37,858431.950455,858431.950455,2.40543
sh688349,三一重能,27.73,0.06,0.217,27.72,27.73,27.67,27.51,28.13,27.21,3871207,107390390,15:00:01,18.397,2.562,3400818.888195,3298439.728195,0.32545
sh688350,富淼科技,32.34,0.55,1.73,32.32,32.34,31.79,32.06,32.68,31.0,6784751,216670929,15:00:03,-808.5,3.112,426594.071442,426594.071442,5.1435
sh688351,微电生理,23.44,-0.05,-0.213,23.44,23.45,23.49,23.49,23.67,23.11,2754711,64537845,15:00:03,211.935,6.158,1103086.4,292671.561064,2.20624
sh688352,颀中科技,13.88,-0.15,-1.069,13.87,13.88,14.03,13.92,14.12,13.84,10787658,150921322,15:00:03,53.385,2.744,1650383.755744,507842.998724,2.94841
sh688353,华盛锂电,104.21,5.71,5.797,104.2,104.21,98.5,96.31,106.96,96.28,8201075,847991936,15:00:03,-94.736,5.033,1662149.5,1662149.5,5.14174
sh688355,明志科技,20.39,0.26,1.292,20.36,20.39,20.13,20.03,20.52,19.93,1235465,25138398,15:00:03,37.759,2.373,252746.430808,252746.430808,0.9967
sh688356,键凯科技,97.36,2.81,2.972,97.36,97.54,94.55,93.78,99.94,92.68,1268127,123385783,15:00:00,198.694,4.55,590495.2152,590495.2152,2.09087
sh688357,建龙微纳,33.45,0.25,0.753,33.45,33.48,33.2,33.31,33.98,32.93,1087541,36596543,15:00:03,44.6,1.928,334700.281875,334700.281875,1.08689
sh688358,祥生医疗,35.71,0.11,0.309,35.71,35.76,35.6,35.77,35.92,35.0,942664,33567000,15:00:01,28.341,2.86,400400.564023,399864.914023,0.84185
sh688359,三孚新科,75.19,-0.3,-0.397,75.19,75.21,75.49,75.06,78.48,74.18,3467655,264758766,15:00:03,-537.071,11.89,739344.375293,739344.375293,3.52654
sh688360,德马科技,19.59,0.28,1.45,19.59,19.6,19.31,19.35,19.73,19.15,2395611,46787167,15:00:03,39.98,3.515,516677.761653,494228.342565,0.94956
sh688361,中科飞测,192.0,1.38,0.724,192.0,192.08,190.62,189.74,196.88,187.02,5924130,1142050147,15:00:01,-4800.0,26.383,6723134.1504,4767188.2752,2.38596
sh688362,甬矽电子,43.25,-0.78,-1.772,43.2,43.25,44.03,43.31,44.27,42.8,9191070,401024762,15:34:59,270.313,6.958,1775339.10475,1775339.10475,2.23909
sh688363,华熙生物,50.2,-0.78,-1.53,50.2,50.22,50.98,50.0,50.85,49.3,8874645,442712959,15:00:03,139.444,3.425,2418024.77484,2418024.77484,1.84244
sh688365,光云科技,25.0,-1.6,-6.015,25.0,25.01,26.6,25.99,26.35,24.36,24633768,625258740,15:34:59,-131.579,11.234,1064561.71,1064561.71,5.78496
sh688366,昊海生科,46.98,-0.46,-0.97,46.98,47.03,47.44,47.45,47.49,46.9,840660,39671778,15:00:01,26.1,1.929,1083178.37331,911655.61479,0.43321
sh688367,工大高科,40.3,2.55,6.755,40.27,40.3,37.75,37.0,41.68,36.68,5470354,217897743,15:00:03,134.333,5.991,353127.138,353127.138,6.24294
sh688368,晶丰明源,141.7,-10.0,-6.592,141.69,141.7,151.7,145.24,148.5,141.5,1884973,272268883,15:00:01,-372.895,10.7,1254051.81577,1254051.81577,2.1299
sh688369,致远互联,25.91,-0.52,-1.967,25.91,25.92,26.43,26.4,26.45,25.78,3779499,98880165,15:34:59,-12.639,3.529,298530.021961,298530.021961,3.2803
sh688370,丛麟科技,30.43,0.32,1.063,30.36,30.43,30.11,30.11,30.53,29.63,2185693,66184919,15:00:03,46.815,1.579,417219.275797,133128.559988,4.99597
sh688371,菲沃泰,20.45,0.04,0.196,20.43,20.45,20.41,20.3,20.74,20.0,1648178,33539504,15:00:03,157.308,3.484,686040.96802,686040.96802,0.4913
sh688372,伟测科技,117.9,-1.74,-1.454,117.9,117.93,119.64,119.2,121.2,117.55,3892046,464433625,15:00:03,104.336,6.202,1757344.80897,1757344.80897,2.61117
sh688373,盟科药业,6.28,0.02,0.319,6.27,6.28,6.26,6.28,6.36,6.23,6407803,40384318,15:00:03,-9.373,16.0,412111.42264,380340.59806,1.05803
sh688375,国博电子,119.0,-2.0,-1.653,118.98,119.0,121.0,120.0,123.1,118.5,4398029,529265784,15:00:03,146.914,11.442,7092577.31,7092577.31,0.73791
sh688376,美埃科技,63.48,-0.57,-0.89,63.47,63.48,64.05,62.8,65.46,62.8,1498094,96129990,15:00:01,44.392,4.447,858579.340512,858579.340512,1.10763
sh688377,迪威尔,40.21,0.32,0.802,40.21,40.23,39.89,39.87,40.49,39.25,1020306,40875093,15:00:03,91.386,4.206,782756.007,782756.007,0.52413
sh688378,奥来德,36.71,-0.8,-2.133,36.7,36.71,37.51,37.26,37.79,36.2,3825102,141604482,15:00:03,85.372,5.495,915104.152447,884566.256141,1.58744
sh688379,华光新材,49.83,-0.25,-0.499,49.83,49.9,50.08,49.7,50.59,49.61,1001300,50200727,15:00:01,53.011,3.957,448896.14616,448896.14616,1.1115
sh688380,中微半导,51.54,-1.24,-2.349,51.54,51.55,52.78,51.58,53.29,50.91,17354718,902466496,15:00:03,151.588,6.775,2063481.21,2063481.21,4.33472
sh688381,帝奥微,23.42,0.01,0.043,23.41,23.42,23.41,23.32,23.63,23.19,2155481,50532281,15:00:00,-123.263,2.233,579645.0,448601.6688,1.1253
sh688382,益方生物,23.28,0.25,1.086,23.26,23.28,23.03,22.84,23.98,22.67,12426807,290925813,15:00:03,-55.868,8.084,1346395.287048,1346395.287048,2.14867
sh688383,新益昌,71.88,0.3,0.419,71.75,71.88,71.58,71.05,73.36,70.78,808110,58145773,15:00:01,179.7,5.366,734136.3168,734136.3168,0.79123
sh688385,复旦微电,76.38,-0.73,-0.947,76.36,76.38,77.11,76.3,77.85,75.8,8454000,650187522,15:00:03,109.114,10.186,6291521.8035,4119809.2635,1.56735
sh688386,泛亚微透,97.3,5.91,6.467,97.3,97.32,91.39,91.47,99.3,89.85,3415720,324330476,15:00:03,68.521,10.939,885430.0,885430.0,3.75354
sh688387,信科移动,16.41,-0.26,-1.56,16.4,16.41,16.67,16.43,17.08,16.25,88816806,1474647754,15:00:00,-205.125,9.217,5610168.75,3309531.3852,4.4039
sh688388,嘉元科技,42.18,0.47,1.127,42.17,42.18,41.71,41.45,43.25,40.6,11454838,482756017,15:00:03,-75.321,2.64,1797939.945648,1797939.945648,2.68733
sh688389,普门科技,13.75,-0.03,-0.218,13.75,13.76,13.78,13.72,13.89,13.67,2822052,38933213,15:00:03,16.975,2.804,589167.87875,589167.87875,0.65861
sh688390,固德威,79.84,-1.17,-1.444,79.84,79.88,81.01,80.0,81.5,78.0,5334873,428295503,15:00:03,-307.077,7.143,1940083.840432,1940083.840432,2.19545
sh688391,钜泉科技,32.1,-0.35,-1.079,32.1,32.17,32.45,32.1,32.7,32.01,758508,24573003,15:00:01,40.226,1.989,369732.8076,369732.8076,0.65853
sh688392,骄成超声,130.51,-1.45,-1.099,130.5,130.51,131.96,129.98,131.5,128.45,2381830,309772249,15:00:03,171.724,8.391,1510436.08136,1510436.08136,2.05803
sh688393,安必平,27.74,-0.05,-0.18,27.74,27.75,27.79,27.5,28.44,27.42,1938876,54040467,15:00:03,120.609,2.117,259556.797026,259556.797026,2.07216
sh688395,正弦电气,26.64,0.06,0.226,26.61,26.64,26.58,26.4,26.94,26.21,757749,20237931,15:00:03,60.545,2.961,230696.32608,230696.32608,0.87502
sh688396,华润微,58.8,-1.04,-1.738,58.79,58.8,59.84,58.6,59.5,58.18,9310832,549105174,15:00:01,101.995,3.41,7805872.86024,7805872.86024,0.70137
sh688398,赛特新材,23.06,0.02,0.087,23.06,23.08,23.04,23.0,23.77,22.68,3223278,75307156,15:00:03,50.13,3.758,386979.316906,386979.316906,1.92074
sh688399,硕世生物,69.81,-0.64,-0.908,69.81,69.86,70.45,71.21,71.21,69.6,814643,57406293,15:00:01,-2327.0,1.973,585508.484301,585508.484301,0.9713
sh688400,凌云光,42.16,-0.3,-0.707,42.14,42.16,42.46,41.88,43.33,41.51,9354491,397705849,15:34:59,183.304,4.813,1943477.906328,1943477.906328,2.02928
sh688401,路维光电,50.27,0.03,0.06,50.26,50.27,50.24,49.85,50.94,49.43,2511436,125963951,15:00:03,50.778,6.401,971962.673231,971962.673231,1.29892
sh688403,汇成股份,18.5,-0.6,-3.141,18.5,18.51,19.1,18.87,18.96,18.21,24196782,451090900,15:34:59,97.368,4.669,1607544.5093,1607544.5093,2.78462
sh688408,中信博,48.13,1.53,3.283,48.12,48.13,46.6,46.55,48.8,45.94,7474178,357256706,15:00:01,15.476,2.478,1054364.109318,1054364.109318,3.41184
sh688409,富创精密,88.7,-2.9,-3.166,88.68,88.7,91.6,89.75,91.66,88.7,5032727,453286396,15:00:01,112.278,5.9,2716089.53877,2716089.53877,1.64355
sh688410,山外山,17.07,-0.06,-0.35,17.04,17.07,17.13,16.9,17.48,16.77,5031243,86556958,15:00:03,76.996,3.078,545558.261754,545558.261754,1.57423
sh688411,海博思创,223.18,1.84,0.831,223.18,223.21,221.34,219.45,233.33,217.17,3910495,878153389,15:00:03,45.922,8.971,4019304.236456,2958792.691768,2.94966
sh688416,恒烁股份,102.1,-8.11,-7.359,102.08,102.1,110.21,108.04,110.37,101.11,4728497,487045059,15:00:03,-52.359,6.679,847488.08469,666843.00393,7.23978
sh688418,震有科技,44.66,-0.88,-1.932,44.65,44.66,45.54,45.0,46.73,44.08,10101605,454297583,15:00:01,313.404,9.851,859948.995444,859948.995444,5.2461
sh688419,耐科装备,45.27,1.87,4.309,45.27,45.29,43.4,42.23,46.86,42.18,4387319,197809964,15:00:03,58.038,5.065,518575.405563,269399.701161,7.37246
sh688420,美腾科技,27.38,0.18,0.662,27.33,27.38,27.2,27.13,27.87,26.88,1211505,33283848,15:34:59,58.255,1.687,242121.34,114281.382,2.90257
sh688425,铁建重工,5.22,-0.06,-1.136,5.22,5.23,5.28,5.23,5.3,5.2,18468687,97010282,15:00:03,18.643,1.538,2784085.434,2784085.434,0.34628
sh688426,康为世纪,25.9,0.17,0.661,25.8,25.9,25.73,25.79,26.03,25.16,842156,21708972,15:00:01,-18.317,2.095,291358.72444,99527.40112,2.19154
sh688428,诺诚健华,24.02,2.21,10.133,24.01,24.02,21.81,21.92,24.58,21.76,23668619,555535280,15:00:03,-92.385,6.359,4238674.772704,644600.040234,8.81974
sh688429,时创能源,17.04,0.24,1.429,17.04,17.07,16.8,16.89,17.69,16.46,11532855,197516622,15:00:03,-10.454,4.722,681601.3632,204185.662968,9.62457
sh688432,有研硅,13.38,-0.14,-1.036,13.38,13.39,13.52,13.38,13.62,13.3,7592332,102444382,15:00:03,71.513,3.764,1672903.886004,1672903.886004,0.60724
sh688433,华曙高科,81.0,-3.23,-3.835,81.0,81.03,84.23,83.0,84.99,81.0,3175682,264375144,15:00:01,506.25,16.96,3354767.28,1637044.992,1.57131
sh688435,英方软件,54.05,-0.73,-1.333,54.05,54.07,54.78,53.76,54.68,52.55,2255499,121157735,15:00:03,-158.971,4.107,451317.5,302940.25075,4.02422
sh688439,振华风光,59.7,-0.43,-0.715,59.7,59.71,60.13,59.7,60.28,59.2,2390248,143014872,15:00:03,37.019,2.396,1194000.0,1194000.0,1.19512
sh688443,智翔金泰,28.35,0.43,1.54,28.31,28.35,27.92,27.79,28.75,27.65,3666390,104027279,15:00:01,-13.065,5.815,1039537.8,330787.8,3.14226
sh688448,磁谷科技,65.58,-1.19,-1.782,65.55,65.58,66.77,66.04,67.68,64.4,1821956,120203791,15:00:01,91.083,4.645,469895.7834,314602.3434,3.79793
sh688449,联芸科技,49.04,-0.86,-1.723,49.04,49.05,49.9,49.28,49.85,49.0,5117818,252628911,15:00:01,153.25,12.263,2255840.0,1437873.07804,1.74548
sh688450,光格科技,30.35,0.1,0.331,30.34,30.35,30.25,29.96,30.6,29.8,719876,21836065,15:00:01,-29.755,2.088,200310.0,148504.58952,1.47122
sh688455,科捷智能,22.64,-0.38,-1.651,22.61,22.64,23.02,23.38,23.38,22.38,2067468,47117767,15:00:03,-66.588,4.387,380421.427824,264957.427824,1.7666
sh688456,有研粉材,60.05,0.58,0.975,60.02,60.05,59.47,60.2,62.0,59.99,6418812,391908289,15:00:03,105.351,4.989,622478.3,622478.3,6.19218
sh688458,美芯晟,40.59,-0.51,-1.241,40.59,40.61,41.1,40.43,41.38,40.25,1689204,68859317,15:00:03,-66.541,2.445,452727.177111,345293.207919,1.9857
sh688459,哈铁科技,10.0,0.02,0.2,9.99,10.0,9.98,9.93,10.05,9.91,2411188,24142101,15:00:03,38.212,1.411,480000.0,175584.968,1.37323
sh688466,金科环境,17.95,0.03,0.167,17.95,17.96,17.92,17.9,18.15,17.6,1292666,23243386,15:00:03,32.636,1.899,219266.70284,219266.70284,1.05823
sh688468,科美诊断,7.87,0.01,0.127,7.87,7.89,7.86,7.85,7.98,7.82,3829405,30325179,15:00:03,24.594,2.241,315671.996,315671.996,0.95471
sh688469,芯联集成,7.17,-0.04,-0.555,7.17,7.18,7.21,7.16,7.35,7.1,95697917,690700114,15:00:01,-51.214,4.548,6010386.702324,3176166.6,2.16032
sh688472,阿特斯,15.54,0.17,1.106,15.53,15.54,15.37,15.1,15.78,14.93,56779790,875637508,15:00:03,25.475,2.411,5661439.734048,2094254.923614,4.21323
sh688475,萤石网络,30.19,-0.33,-1.081,30.19,30.2,30.52,30.35,30.46,29.96,2862824,86614786,15:00:01,47.172,4.213,2377462.5,2377462.5,0.36353
sh688478,晶升股份,36.88,-0.32,-0.86,36.88,36.89,37.2,37.19,37.5,36.31,1931555,71451423,15:00:01,94.564,3.324,510294.162048,381374.110608,1.86787
sh688479,友车科技,22.39,0.03,0.134,22.39,22.4,22.36,22.3,22.78,22.11,1865432,41978461,15:00:01,39.982,1.746,323126.6586,139528.6586,2.99344
sh688480,赛恩斯,77.11,-0.3,-0.388,77.06,77.11,77.41,76.13,77.5,74.7,2187193,166558814,15:00:03,40.584,6.717,735060.166269,735060.166269,2.29443
sh688484,南芯科技,41.39,-0.52,-1.241,41.39,41.4,41.91,41.5,42.31,41.39,5210718,218113529,15:00:01,57.486,4.334,1770097.86063,1221732.238856,1.76529
sh688485,九州一轨,24.07,1.13,4.926,24.07,24.15,22.94,23.0,25.02,22.5,4992114,120789069,15:00:03,300.875,2.887,361752.993234,213640.453046,5.62441
sh688486,龙迅股份,73.26,-0.8,-1.08,73.26,73.28,74.06,73.8,74.34,72.73,1395180,102640566,15:00:03,51.592,6.468,976760.693568,544946.216958,1.87561
sh688488,艾迪药业,16.85,-0.38,-2.205,16.84,16.85,17.23,17.02,17.33,16.75,7817310,133020266,15:00:01,-49.559,7.249,709019.03148,709019.03148,1.8578
sh688489,三未信安,41.91,-0.13,-0.309,41.91,41.96,42.04,41.85,42.36,41.38,503741,21147645,15:00:03,112.029,2.641,482843.752116,479159.360196,0.4406
sh688496,清越科技,6.32,0.08,1.282,6.3,6.32,6.24,6.2,6.43,6.17,6290503,39826415,15:00:03,-42.133,2.903,284400.0,150381.6192,2.64367
sh688498,源杰科技,719.0,-29.49,-3.94,719.0,719.25,748.49,718.0,746.99,698.08,3351953,2422553735,15:00:03,-10271.429,28.458,6179641.4994,6039600.0,3.99042
sh688499,利元亨,60.76,0.76,1.267,60.75,60.76,60.0,59.2,61.29,58.88,4335303,261975910,15:00:03,-7.483,4.474,1025194.42676,1025194.42676,2.5694
sh688500,慧辰股份,58.82,-0.75,-1.259,58.82,58.84,59.57,59.12,59.98,58.31,1147248,67876305,15:00:01,-80.575,6.217,442895.24822,431244.18262,1.5648
sh688501,青达环保,26.13,0.32,1.24,26.12,26.13,25.81,25.81,26.18,25.38,1245152,32196631,15:00:03,34.382,3.038,324602.538,324602.538,1.00233
sh688502,茂莱光学,356.15,2.63,0.744,356.0,356.15,353.52,349.7,361.33,349.21,562158,200125281,15:00:03,528.021,15.624,1880472.0,598332.0,3.34618
sh688503,聚和材料,74.36,-0.53,-0.708,74.28,74.36,74.89,73.33,76.25,73.3,6401059,479924611,15:34:59,42.011,3.713,1799762.169348,1494039.66998,3.18588
sh688505,复旦张江,8.58,-0.02,-0.233,8.58,8.59,8.6,8.54,8.7,8.52,3065697,26488967,15:00:03,214.5,3.938,889378.8618,609670.8618,0.43144
sh688506,百利天恒,281.0,-1.83,-0.647,281.0,281.31,282.83,285.0,285.0,276.0,1278320,357878497,15:00:03,30.378,16.179,11601754.2577,11268100.0,0.31878
sh688507,索辰科技,96.93,-2.12,-2.14,96.93,96.96,99.05,97.89,98.83,96.0,1479702,144437564,15:00:03,206.234,3.139,863731.443312,477241.93089,3.00534
sh688508,芯朋微,67.63,-1.72,-2.48,67.63,67.64,69.35,68.09,68.9,67.3,4671573,318555993,15:34:59,77.736,3.275,888051.869998,888051.869998,3.55766
sh688509,正元地信,5.04,-0.01,-0.198,5.03,5.04,5.05,5.05,5.12,4.96,10107287,51080775,15:00:01,-22.37,3.128,388080.0,193935.2688,2.62669
sh688510,航亚科技,38.38,-1.66,-4.146,38.38,38.4,40.04,37.77,40.17,37.77,8806241,343584960,15:34:59,78.327,8.384,996047.769504,996047.769504,3.39325
sh688511,*ST天微,27.0,0.0,0.0,27.0,27.01,27.0,26.7,27.2,26.7,637642,17209035,15:00:03,-94.97,3.264,277638.6834,277638.6834,0.6201
sh688512,慧智微,11.44,-0.05,-0.435,11.44,11.45,11.49,11.45,11.6,11.32,5733619,65676913,15:00:03,-11.917,3.083,534069.018912,371308.418624,1.76653
sh688513,苑东生物,66.21,-3.49,-5.007,66.21,66.42,69.7,69.5,69.67,65.9,3372198,226909952,15:00:01,48.684,4.078,1168820.066976,1168820.066976,1.91024
sh688515,裕太微,116.8,3.95,3.5,116.8,116.87,112.85,112.96,119.56,112.2,2151761,251889447,15:00:03,-46.166,6.223,934400.0,581890.592,4.31912
sh688516,奥特维,117.8,8.82,8.093,117.4,117.8,108.98,103.54,121.54,103.54,24471465,2766624886,15:00:03,29.086,10.226,3714586.02174,3707875.156,7.77464
sh688517,金冠电气,17.96,0.34,1.93,17.95,17.96,17.62,17.57,18.2,17.49,4371291,78607198,15:00:03,26.806,3.067,245357.278464,245357.278464,3.19976
sh688518,联赢激光,29.86,0.46,1.565,29.85,29.86,29.4,29.05,30.39,28.91,11868065,355004347,15:00:03,60.939,3.183,1019196.73367,1019196.73367,3.47706
sh688519,南亚新材,81.03,2.9,3.712,81.01,81.03,78.13,77.0,82.7,75.1,6991817,558792906,15:00:03,368.318,6.835,1902349.429206,1902349.429206,2.97814
sh688520,神州细胞,40.0,0.27,0.68,40.0,40.03,39.73,39.69,40.54,39.6,1686597,67676190,15:00:03,166.667,-24.6,1781342.856,1781342.856,0.37872
sh688521,芯原股份,191.7,-12.85,-6.282,191.69,191.7,204.55,197.0,199.99,190.01,19208814,3739559269,15:00:01,-159.75,28.388,10081795.78341,10081795.78341,3.65245
sh688522,纳睿雷达,41.0,-0.78,-1.867,41.0,41.05,41.78,41.45,41.9,40.88,3436323,142045948,15:00:03,117.143,5.463,1242281.9846,496140.3481,2.83971
sh688523,航天环宇,60.8,-0.2,-0.328,60.77,60.8,61.0,60.39,62.7,60.03,6464899,396892453,15:34:59,242.424,14.697,2473830.4,586816.89696,6.69827
sh688525,佰维存储,160.1,-2.7,-1.658,160.09,160.1,162.8,159.51,164.47,158.31,15882355,2560905439,15:34:59,432.703,15.996,7478778.6771,7478778.6771,3.39997
sh688526,科前生物,16.3,-0.07,-0.428,16.3,16.31,16.37,16.24,16.54,16.23,2180562,35757970,15:00:03,19.878,1.821,759788.73128,759788.73128,0.4678
sh688528,秦川物联,11.94,0.18,1.531,11.93,11.94,11.76,11.68,11.99,11.56,1462809,17321325,15:00:03,-29.122,4.045,200592.0,200592.0,0.87072
sh688529,豪森智能,20.38,1.27,6.646,20.37,20.38,19.11,18.94,21.02,18.94,5727238,115469454,15:00:00,-38.453,1.935,342742.592214,342742.592214,3.4055
sh688530,欧莱新材,28.91,3.31,12.93,28.91,28.92,25.6,25.03,30.72,24.9,24135384,686196964,15:34:59,144.55,5.601,462689.586184,195946.787764,35.60936
sh688531,日联科技,70.64,0.44,0.627,70.63,70.64,70.2,70.0,71.57,69.51,1512932,107167566,15:00:01,56.512,3.532,1169755.585096,755592.523376,1.41443
sh688533,上声电子,32.29,-0.46,-1.405,32.29,32.3,32.75,32.49,32.92,32.15,2527368,82200938,15:00:03,21.966,3.228,532740.940295,532740.940295,1.53186
sh688535,华海诚科,116.42,-1.83,-1.548,116.35,116.42,118.25,116.72,119.36,116.42,2204528,259776261,15:34:59,232.84,10.87,1117798.748366,610687.489816,4.20266
sh688536,思瑞浦,180.25,-8.39,-4.448,180.12,180.25,188.64,184.0,186.26,180.04,4070898,744443649,15:00:03,-120.167,4.194,2485617.560475,2445072.846475,3.00105
sh688538,和辉光电,2.61,0.01,0.385,2.61,2.62,2.6,2.6,2.64,2.57,63417802,165621812,15:34:59,-14.5,4.16,3604263.220125,1501333.524225,1.10249
sh688539,高华科技,46.43,0.45,0.979,46.42,46.43,45.98,45.64,47.0,44.95,3726932,172389190,15:00:01,154.767,4.959,863226.56,486214.96,3.55895
sh688543,国科军工,63.34,-0.5,-0.783,63.32,63.34,63.84,63.2,64.04,62.35,4250065,269573929,15:00:01,55.561,5.76,1322805.405352,734503.485352,3.66505
sh688545,兴福电子,50.9,0.32,0.633,50.88,50.9,50.58,49.48,52.26,49.07,6078832,308285415,15:00:03,83.443,6.288,1832400.0,927652.5,3.33544
sh688548,广钢气体,20.72,0.5,2.473,20.72,20.75,20.22,20.0,21.22,19.72,30939304,644975535,15:00:01,109.053,4.621,2733793.735512,1432185.052144,4.47611
sh688549,中巨芯,8.9,-0.06,-0.67,8.89,8.9,8.96,8.88,9.06,8.84,16260830,146025191,15:00:03,1271.429,4.312,1314775.64,524493.91,2.75926
sh688550,瑞联新材,45.56,0.6,1.335,45.52,45.56,44.96,44.85,46.46,44.46,3373487,153678438,15:34:59,31.421,2.441,792035.259528,792035.259528,1.94052
sh688551,XD科威尔,38.21,0.3,0.791,38.2,38.21,37.91,38.28,38.67,37.66,782171,29887078,15:00:03,64.763,2.464,321234.179089,321234.179089,0.93037
sh688552,航天南湖,42.16,-1.37,-3.147,42.15,42.16,43.53,42.7,43.92,41.8,5350042,227093518,15:00:01,-183.304,5.484,1421837.568,366064.955016,6.16169
sh688553,汇宇制药,19.25,-0.04,-0.207,19.21,19.25,19.29,19.27,19.64,19.12,3990977,77429554,15:00:01,25.0,2.186,815430.0,661313.970625,1.16172
sh688556,高测股份,14.4,0.2,1.408,14.39,14.4,14.2,13.86,14.83,13.73,58809930,842014775,15:34:59,-180.0,3.066,1196314.46496,1196314.46496,7.07893
sh688557,兰剑智能,39.88,0.48,1.218,39.86,39.88,39.4,39.1,40.42,38.77,1179942,47049590,15:34:59,36.255,3.338,409486.40432,409486.40432,1.14915
sh688558,国盛智科,32.26,0.73,2.315,32.25,32.26,31.53,31.84,32.69,31.35,1319487,42474705,15:00:03,33.258,2.537,425832.0,425832.0,0.99961
sh688559,海目星,56.42,0.58,1.039,56.4,56.42,55.84,55.83,57.44,54.54,7406042,418465118,15:00:03,-74.237,5.917,1397856.526248,1397856.526248,2.98921
sh688560,明冠新材,19.96,0.09,0.453,19.96,19.99,19.87,19.41,20.37,19.12,8436674,167314083,15:00:03,-57.029,1.513,401798.628328,401798.628328,4.19105
sh688561,奇安信,34.56,0.0,0.0,34.56,34.57,34.56,34.31,35.3,34.0,7082378,245664361,15:00:03,-17.109,2.896,2357865.4176,2357865.4176,1.03809
sh688562,航天软件,21.98,-0.2,-0.902,21.98,21.99,22.18,22.0,22.44,21.82,5134067,113822420,15:00:01,-104.667,5.379,879200.0,380297.96,2.96733
sh688563,航材股份,71.93,-1.3,-1.775,71.93,71.94,73.23,72.02,73.46,70.07,4776691,342148444,15:00:03,55.76,3.075,3236850.0,841501.826649,4.08303
sh688565,力源科技,13.19,0.05,0.381,13.12,13.19,13.14,13.02,13.38,12.98,2554105,33748353,15:00:01,659.5,4.014,197493.87,197493.87,1.70581
sh688566,吉贝尔,28.56,0.38,1.348,28.55,28.56,28.18,27.98,28.85,27.98,2230320,63552707,15:00:03,25.274,2.415,569574.55044,569574.55044,1.11834
sh688567,孚能科技,14.46,0.22,1.545,14.46,14.48,14.24,14.15,14.66,14.07,11740798,169684509,15:00:01,-53.556,1.836,1767162.21771,1767162.21771,0.9607
sh688568,中科星图,66.74,-0.76,-1.126,66.73,66.74,67.5,67.0,69.11,66.66,13626886,921935422,15:34:59,102.677,13.947,5393118.658688,5393118.658688,1.68633
sh688569,铁科轨道,20.95,0.14,0.673,20.93,20.95,20.81,20.82,21.02,20.66,1003176,20989045,15:00:03,20.539,1.539,441346.7365,441346.7365,0.47619
sh688570,天玛智控,19.05,0.12,0.634,19.05,19.07,18.93,18.99,19.23,18.91,1128010,21574607,15:00:01,24.423,1.926,824865.0,358521.0,0.59937
sh688571,杭华股份,7.96,0.1,1.272,7.95,7.96,7.86,7.89,8.06,7.79,4582205,36495709,15:00:03,23.412,2.097,337639.8772,337639.8772,1.08027
sh688573,信宇人,23.05,0.25,1.096,23.05,23.08,22.8,22.7,23.35,22.53,1848993,42464100,15:00:01,-35.462,3.548,225323.86434,122663.398625,3.47449
sh688575,亚辉龙,14.45,-0.08,-0.551,14.45,14.46,14.53,14.48,14.65,14.41,2688433,39155724,15:00:01,27.264,3.055,825656.0935,825656.0935,0.47051
sh688576,西山科技,84.22,-1.78,-2.07,84.22,84.29,86.0,86.0,86.0,83.02,909459,76844128,15:00:01,42.751,2.23,383201.50532,183534.236858,4.17332
sh688577,浙海德曼,75.1,1.84,2.512,75.1,75.12,73.26,73.26,76.26,72.8,1560746,116931598,15:00:01,220.882,8.374,835710.76479,835710.76479,1.40254
sh688578,艾力斯,97.0,-1.07,-1.091,97.0,97.06,98.07,98.24,98.97,96.96,2375420,232460520,15:00:03,30.503,6.717,4365000.0,4365000.0,0.52787
sh688579,山大地纬,11.64,-0.13,-1.105,11.63,11.64,11.77,11.68,11.81,11.5,4558563,53279365,15:00:01,72.659,3.376,465611.64,465611.64,1.13961
sh688580,伟思医疗,55.27,-1.04,-1.847,55.27,55.29,56.31,54.95,56.11,54.61,1459625,80961291,15:00:01,51.727,3.193,529327.908776,529327.908776,1.52407
sh688581,安杰思,61.15,-0.25,-0.407,61.15,61.3,61.4,61.4,61.6,60.88,397154,24370683,15:00:03,16.793,1.994,496061.513085,254137.571615,0.95562
sh688582,芯动联科,64.18,-0.1,-0.156,64.18,64.19,64.28,63.62,64.8,63.07,3609212,231294704,15:00:03,114.607,10.628,2578361.261408,1605905.901408,1.44242
sh688583,思看科技,156.5,-1.82,-1.15,156.5,156.68,158.32,159.0,161.04,150.89,3761236,586078033,15:00:03,66.314,11.975,1383460.0,482073.8673,12.21044
sh688584,上海合晶,22.62,-0.27,-1.18,22.62,22.63,22.89,22.74,23.08,22.48,2962723,67596896,15:00:01,125.667,3.651,1505266.794486,768601.344966,0.87193
sh688585,上纬新材,144.14,1.26,0.882,144.14,144.15,142.88,145.0,148.95,142.5,4266960,624091008,15:34:59,655.182,43.588,5814055.947392,5814055.947392,1.05785
sh688586,江航装备,15.73,-0.79,-4.782,15.73,15.74,16.52,16.22,16.52,15.68,22711643,362787227,15:00:03,98.313,5.045,1244776.492388,1244776.492388,2.87003
sh688588,凌志软件,14.11,-0.11,-0.774,14.11,14.12,14.22,14.21,14.28,14.04,3356886,47608461,15:00:03,44.274,4.583,564414.114233,564414.114233,0.8392
sh688589,力合微,24.08,-0.37,-1.513,24.08,24.12,24.45,24.21,24.57,24.07,2798117,68011599,15:00:01,34.4,3.658,349950.669208,349950.669208,1.92538
sh688590,新致软件,17.1,-0.18,-1.042,17.09,17.1,17.28,17.09,17.33,16.76,7313887,124944426,15:00:03,570.0,3.135,449554.81392,449554.81392,2.78203
sh688591,泰凌微,42.02,-0.33,-0.779,42.02,42.03,42.35,42.0,42.95,41.67,4892794,207186568,15:34:59,102.488,4.086,1011604.338272,707773.769912,2.90482
sh688592,司南导航,48.99,-1.01,-2.02,48.9,48.99,50.0,49.03,50.95,48.76,1827031,90342495,15:34:59,-92.434,4.261,394176.547986,188718.165927,4.74285
sh688593,新相微,25.2,0.04,0.159,25.2,25.21,25.16,24.8,25.9,24.15,8791255,221285870,15:34:59,1400.0,7.471,1158014.11824,813157.94196,2.72444
sh688595,芯海科技,38.48,-0.58,-1.485,38.47,38.48,39.06,38.0,39.45,37.63,5523086,213576467,15:00:00,-31.285,7.708,554470.218016,554470.218016,3.833
sh688596,正帆科技,32.53,-0.25,-0.763,32.53,32.54,32.78,32.5,33.05,32.35,4635959,151719959,15:00:03,17.303,2.673,956808.510589,956808.510589,1.57615
sh688597,煜邦电力,9.47,0.15,1.609,9.43,9.47,9.32,9.26,9.66,9.26,5679230,54008695,15:00:01,19.327,3.8,318248.823788,318248.823788,1.68995
sh688598,金博股份,27.1,0.4,1.498,27.1,27.13,26.7,26.65,27.6,26.18,5798083,156855674,15:00:03,-6.809,1.132,562523.14436,551689.91936,2.84812
sh688599,天合光能,20.74,0.28,1.369,20.74,20.75,20.46,20.0,21.2,19.8,101460843,2088181387,15:34:59,-13.044,2.28,4858485.380764,4858485.380764,4.33118
sh688600,皖仪科技,26.86,-0.21,-0.776,26.86,26.9,27.07,27.01,27.39,26.5,1639996,44283619,15:00:01,244.182,4.761,361827.00414,361827.00414,1.21744
sh688601,力芯微,52.08,-2.42,-4.44,52.07,52.08,54.5,53.64,54.88,51.9,7267061,387340587,15:00:03,55.404,5.61,696271.5816,696271.5816,5.43565
sh688602,康鹏科技,8.35,-0.07,-0.831,8.34,8.35,8.42,8.27,8.44,8.11,10433245,86692420,15:00:01,-83.5,1.554,433678.125,216762.794435,4.01903
sh688603,天承科技,72.29,-0.65,-0.891,72.28,72.29,72.94,72.11,74.0,70.97,1837418,133349436,15:00:03,81.225,7.734,901633.583996,342810.797003,3.87464
sh688605,先锋精科,66.07,-1.28,-1.901,66.06,66.07,67.35,66.5,67.08,65.87,2188395,145564757,15:00:03,47.877,8.287,1337123.708592,715879.88011,2.01971
sh688606,奥泰生物,68.84,0.06,0.087,68.84,68.88,68.78,68.38,69.28,68.0,267097,18378652,15:00:03,18.021,1.399,545769.40582,545769.40582,0.3369
sh688607,康众医疗,55.5,-1.3,-2.289,55.41,55.5,56.8,58.0,58.0,55.2,3431863,193874477,15:00:00,277.5,5.697,489116.09985,489116.09985,3.89413
sh688608,恒玄科技,209.84,0.85,0.407,209.84,209.89,208.99,207.22,212.74,204.54,2333598,489923987,15:00:03,54.384,5.113,3539869.33524,3539869.33524,1.38333
sh688609,九联科技,8.82,-0.08,-0.899,8.82,8.84,8.9,8.87,8.96,8.78,6919869,61333629,15:00:03,-30.721,4.962,441000.0,441000.0,1.38397
sh688610,埃科光电,80.21,-0.12,-0.149,80.2,80.21,80.33,80.0,82.99,78.19,1461325,117589567,15:00:01,348.739,3.644,545428.0,328320.127928,3.57008
sh688611,杭州柯林,60.03,0.17,0.284,60.03,60.04,59.86,58.86,60.6,58.53,998452,59749701,15:00:03,89.597,10.592,920797.7688,920797.7688,0.65093
sh688612,威迈斯,30.81,-0.19,-0.613,30.81,30.86,31.0,30.78,31.45,30.55,3344179,103798231,15:00:01,32.432,3.699,1291518.529938,778114.656111,1.32415
sh688613,奥精医疗,22.26,0.07,0.315,22.25,22.26,22.19,22.35,22.72,21.97,2258329,50610085,15:00:03,-247.333,2.125,304981.107984,304981.107984,1.64831
sh688615,合合信息,243.23,-1.99,-0.812,243.23,243.6,245.22,243.0,248.39,239.13,2358155,576207628,15:00:01,49.337,12.131,3405220.0,2351310.344812,2.43938
sh688616,西力科技,13.41,0.08,0.6,13.39,13.41,13.33,13.33,13.63,13.18,2630149,35456966,15:00:03,22.729,2.831,240546.253365,240546.253365,1.46626
sh688617,惠泰医疗,230.0,1.6,0.701,230.0,230.25,228.4,229.31,233.99,226.08,769100,177587111,15:00:03,33.046,10.853,3243691.127,3243691.127,0.54534
sh688618,三旺通信,31.3,0.42,1.36,31.3,31.33,30.88,30.83,31.84,30.66,1274097,39973420,15:00:03,104.333,3.93,344881.0219,344449.76424,1.15777
sh688619,罗普特,14.09,0.0,0.0,14.02,14.09,14.09,13.88,14.29,13.88,1888266,26636785,15:00:03,-13.046,3.268,261282.201178,261282.201178,1.01827
sh688620,安凯微,11.48,0.0,0.0,11.47,11.48,11.48,11.47,11.61,11.36,5008706,57564356,15:00:03,-76.533,3.34,450016.0,266701.66096,2.15597
sh688621,阳光诺和,65.96,0.41,0.625,65.96,65.98,65.55,65.32,67.2,64.0,1549800,102545334,15:00:03,41.747,6.356,738752.0,738752.0,1.38375
sh688622,禾信仪器,123.4,3.64,3.039,123.01,123.4,119.76,119.0,128.35,116.12,2272251,277758844,15:00:03,-186.97,23.718,869544.52914,869544.52914,3.22463
sh688623,双元科技,104.56,3.11,3.066,104.31,104.56,101.45,101.06,107.19,101.06,912910,95689381,15:00:03,70.649,2.933,618396.0712,200156.0712,4.76897
sh688625,呈和科技,67.0,-5.6,-7.713,66.7,67.0,72.6,71.0,72.0,66.0,5662683,386444602,15:00:01,36.216,8.616,1261750.3717,1261750.3717,3.00693
sh688626,翔宇医疗,65.97,-0.99,-1.478,65.96,65.97,66.96,66.07,66.95,65.47,1789383,118631412,15:00:01,99.955,5.208,1055520.0,1055520.0,1.11836
sh688627,精智达,287.99,-6.01,-2.044,287.99,288.0,294.0,287.5,302.79,280.42,5991727,1754541041,15:00:03,336.358,15.918,2707444.503446,2083656.262712,8.28139
sh688628,优利德,36.4,0.07,0.193,36.3,36.4,36.33,36.35,36.75,35.95,817732,29797719,15:00:03,21.928,3.189,406834.02032,406834.02032,0.73164
sh688629,华丰科技,90.35,2.01,2.275,90.32,90.35,88.34,87.99,92.16,87.72,9184349,834046547,15:00:01,-2258.75,24.737,4165070.228085,1642409.829645,5.05237
sh688630,芯碁微装,161.78,-5.04,-3.021,161.6,161.78,166.82,163.03,165.78,161.3,4262740,696042646,15:34:59,131.528,9.629,2131301.303448,2131301.303448,3.2357
sh688631,莱斯信息,67.73,0.03,0.044,67.73,67.75,67.7,67.0,68.18,66.42,1128805,76077547,15:00:01,85.734,6.112,1107182.31,439364.51,1.7401
sh688633,星球石墨,25.33,0.12,0.476,25.33,25.34,25.21,25.16,25.66,25.0,699793,17779546,15:00:03,24.833,2.266,364169.027517,364169.027517,0.48675
sh688636,智明达,47.01,-1.02,-2.124,47.01,47.02,48.03,47.31,48.42,46.81,4612887,219255170,15:34:59,270.951,6.979,817534.005204,788016.430905,2.75187
sh688638,誉辰智能,40.4,0.8,2.02,40.29,40.4,39.6,39.6,40.91,39.16,667573,26913761,15:00:01,-17.642,2.648,226240.0,106902.52888,2.52285
sh688639,华恒生物,36.12,-0.76,-2.061,36.12,36.14,36.88,36.65,37.05,36.11,4725086,172785416,15:00:03,44.049,3.368,903417.883116,903417.883116,1.88916
sh688646,ST逸飞,39.43,0.23,0.587,39.4,39.43,39.2,39.0,40.09,38.87,588863,23364602,15:00:03,151.654,2.53,375226.163344,232577.807684,0.99833
sh688648,中邮科技,61.0,0.2,0.329,60.99,61.0,60.8,60.0,61.99,59.18,1694837,103245427,15:00:00,-55.963,3.72,829600.0,424126.4364,2.4376
sh688651,盛邦安全,50.6,3.43,7.272,50.6,50.66,47.17,47.14,50.97,46.31,3431975,170406573,15:00:03,2530.0,4.111,381518.94,164219.39556,10.57475
sh688652,京仪装备,117.41,-2.54,-2.118,117.41,117.42,119.95,118.77,124.0,117.33,4774676,574035821,15:00:03,129.022,9.041,1972488.0,1417725.75,3.95418
sh688653,康希通信,13.61,-0.12,-0.874,13.61,13.63,13.73,13.66,13.82,13.57,4925200,67451947,15:34:59,-75.864,4.018,577717.28,430636.183517,1.55658
sh688655,迅捷兴,20.42,0.07,0.344,20.42,20.44,20.35,20.13,21.01,20.02,2802924,57513927,15:00:01,-2042.0,4.056,272382.38,272382.38,2.1013
sh688656,浩欧博,139.68,-4.16,-2.892,139.61,139.68,143.84,143.56,143.56,139.5,486937,68426967,15:00:03,236.746,10.695,886685.00832,886685.00832,0.76707
sh688657,浩辰软件,56.29,-0.11,-0.195,56.22,56.29,56.4,56.09,56.93,55.88,639047,36099658,15:00:03,58.635,2.624,368779.927152,231039.726918,1.55696
sh688658,悦康药业,22.2,0.16,0.726,22.09,22.2,22.04,21.76,22.8,21.76,8113721,181087378,15:34:59,79.286,2.913,999000.0,999000.0,1.80305
sh688659,元琛科技,10.72,0.11,1.037,10.7,10.72,10.61,10.64,10.83,10.39,2185718,23414598,15:00:03,-28.211,3.197,171520.0,171520.0,1.36607
sh688660,电气风电,13.94,0.05,0.36,13.93,13.94,13.89,13.77,14.08,13.7,12368765,172298859,15:00:03,-23.627,4.233,1858666.7596,1858666.7596,0.92766
sh688661,和林微纳,85.68,-3.36,-3.774,85.61,85.68,89.04,87.94,89.46,84.68,4061353,352685910,15:00:01,-1150.067,10.514,1301374.893168,1301374.893168,2.67392
sh688662,富信科技,53.4,1.75,3.388,53.4,53.41,51.65,51.05,55.6,50.94,5036664,269052488,15:00:03,102.692,6.557,471201.6,471201.6,5.70791
sh688663,新风光,55.58,1.42,2.622,55.58,55.6,54.16,53.17,56.2,53.11,3116078,171952833,15:00:03,44.464,5.754,786315.8268,786315.8268,2.20257
sh688665,四方光电,50.98,-0.14,-0.274,50.98,51.0,51.12,50.9,51.51,50.5,464364,23744238,15:00:01,45.115,4.544,512620.932418,512620.932418,0.46181
sh688667,菱电电控,79.8,-1.12,-1.384,79.8,79.81,80.92,79.5,81.99,79.31,568030,45827277,15:00:03,257.419,2.446,420509.74686,420509.74686,1.07795
sh688668,鼎通科技,161.88,-1.12,-0.687,161.88,162.13,163.0,161.46,170.67,161.01,3974632,657328839,15:34:59,202.35,11.861,2254512.569928,2254512.569928,2.85389
sh688669,聚石化学,25.63,0.21,0.826,25.61,25.63,25.42,25.14,25.96,25.08,1515666,38879001,15:00:03,-13.144,2.377,310977.335042,310977.335042,1.24918
sh688670,金迪克,20.4,0.37,1.847,20.39,20.4,20.03,20.3,21.35,20.15,4067698,84411279,15:00:03,-26.842,2.11,251328.0,251328.0,3.3017
sh688671,碧兴物联,24.67,0.27,1.107,24.67,24.69,24.4,24.27,25.24,24.13,1233943,30569155,15:00:03,-50.347,1.821,193706.1263,115571.849974,2.63398
sh688676,金盘科技,92.8,-0.26,-0.279,92.79,92.8,93.06,91.72,96.5,90.1,11940355,1122428226,15:34:59,71.938,9.048,4266798.89792,4266798.89792,2.59695
sh688677,海泰新光,49.12,-0.9,-1.799,49.12,49.15,50.02,50.02,50.12,48.85,1770289,87486549,15:00:03,43.857,4.469,588835.824,588835.824,1.47675
sh688678,福立旺,22.5,1.01,4.7,22.5,22.51,21.49,21.06,22.9,21.02,12960682,287488208,15:00:03,86.538,3.351,622017.77175,622017.77175,4.68822
sh688679,通源环境,46.1,-1.41,-2.968,46.08,46.1,47.51,47.3,47.67,45.99,3124211,145990051,15:00:03,271.176,5.407,607089.40175,607089.40175,2.3724
sh688680,海优新材,64.81,-0.75,-1.144,64.8,64.81,65.56,65.0,67.48,62.7,4758886,311449700,15:34:59,-9.63,4.395,544558.837571,544558.837571,5.66373
sh688681,科汇股份,19.57,0.09,0.462,19.47,19.57,19.48,19.52,19.78,19.24,1553655,30439625,15:00:03,67.483,3.391,204839.19,204839.19,1.48434
sh688682,霍莱沃,48.82,-0.9,-1.81,48.79,48.82,49.72,49.1,49.88,48.11,2026678,99475380,15:00:01,244.1,7.726,497177.48539,497177.48539,1.99008
sh688683,莱尔科技,35.41,-0.39,-1.089,35.41,35.51,35.8,35.6,36.22,35.1,777883,27789461,15:00:01,147.542,5.563,570447.3098,549485.046589,0.50128
sh688685,迈信林,49.35,0.45,0.92,49.2,49.35,48.9,48.87,49.43,47.66,1939731,94161968,15:00:01,159.194,8.771,724712.976645,724712.976645,1.32088
sh688686,奥普特,118.67,0.97,0.824,118.67,118.71,117.7,116.15,121.39,116.15,595122,70738508,15:00:01,106.45,4.753,1450568.144485,1450568.144485,0.48687
sh688687,凯因科技,21.84,-0.02,-0.091,21.84,21.85,21.86,21.85,22.1,21.8,2907454,63823594,15:00:03,25.694,2.078,373342.617648,373342.617648,1.70082
sh688689,银河微电,30.88,-0.45,-1.436,30.86,30.88,31.33,30.84,31.46,30.66,2013628,62538344,15:00:01,55.143,3.296,398053.269968,398053.269968,1.56212
sh688690,纳微科技,28.5,-0.23,-0.801,28.5,28.52,28.73,28.5,28.86,28.04,4298451,122873059,15:00:03,138.148,6.139,1150872.08025,1150872.08025,1.06446
sh688691,灿芯股份,124.88,-2.72,-2.132,124.88,124.9,127.6,125.5,127.8,122.4,3775615,472038735,15:00:03,223.0,11.947,1498560.0,892455.04488,5.28317
sh688692,达梦数据,258.62,-8.68,-3.247,258.62,258.63,267.3,263.08,266.5,257.0,1155307,301252192,15:00:03,47.54,8.369,2928612.88,1891460.0423,1.57966
sh688693,锴威特,39.51,-0.17,-0.428,39.51,39.53,39.68,39.49,40.2,39.1,1001485,39692192,15:00:03,-29.932,3.441,291126.317661,153711.339714,2.57422
sh688695,中创股份,28.79,0.32,1.124,28.79,28.82,28.47,28.26,29.11,27.96,864422,24727296,15:00:03,58.755,3.14,244862.917262,147604.009526,1.68605
sh688696,极米科技,95.65,0.0,0.0,95.65,95.66,95.65,95.0,96.89,94.46,1132616,108710366,15:00:01,54.657,2.319,669741.3,669741.3,1.61756
sh688697,纽威数控,15.2,-0.05,-0.328,15.19,15.2,15.25,15.21,15.4,15.11,2161835,33039428,15:00:03,15.2,3.977,695146.7376,695146.7376,0.4727
sh688698,伟创电气,91.46,2.43,2.729,91.43,91.46,89.03,88.37,94.6,87.0,5495694,502458988,15:00:03,78.845,8.455,1957452.291004,1957452.291004,2.56781
sh688699,明微电子,58.49,-3.99,-6.386,58.47,58.49,62.48,61.56,61.56,58.4,3896455,231547319,15:00:03,835.571,5.314,643768.07936,643768.07936,3.54015
sh688700,东威科技,39.45,0.13,0.331,39.45,39.47,39.32,38.9,40.45,38.55,6984784,276958346,15:00:03,171.522,6.556,1177193.3652,1177193.3652,2.34073
sh688701,卓锦股份,10.66,0.15,1.427,10.64,10.66,10.51,10.47,10.89,10.43,2432655,25969611,15:00:01,-17.475,9.756,143139.678552,143139.678552,1.81166
sh688702,盛科通信,134.7,-3.1,-2.25,134.69,134.7,137.8,137.2,140.98,132.12,4329500,588939445,15:00:03,-792.353,23.247,5522700.0,2734299.31701,2.13284
sh688707,振华新材,14.2,0.22,1.574,14.19,14.2,13.98,14.0,14.43,13.81,5038120,71622285,15:00:03,-13.524,1.768,722411.0911,722411.0911,0.99031
sh688708,佳驰科技,61.49,-0.23,-0.373,61.48,61.49,61.72,61.65,61.96,60.5,858679,52751832,15:34:59,43.187,7.44,2459661.49,874857.27615,0.60353
sh688709,成都华微,46.82,-0.68,-1.432,46.82,46.83,47.5,47.0,48.0,46.36,4756875,224886597,15:34:59,234.1,10.371,2981717.775732,1020311.979182,2.18283
sh688710,益诺思,61.61,0.86,1.416,61.61,61.63,60.75,60.7,63.15,59.59,1078275,66374850,15:00:01,48.897,3.717,868575.408015,558765.512204,1.18892
sh688711,宏微科技,29.93,-0.09,-0.3,29.92,29.93,30.02,29.8,30.6,29.41,5192140,156093172,15:00:03,-438.856,6.133,637786.729449,637786.729449,2.43656
sh688712,C北芯,47.56,-2.08,-4.19,47.56,47.57,49.64,48.88,52.0,47.0,16525934,809150405,15:34:59,-396.333,24.906,1983252.0,176517.5132,44.52665
sh688716,中研股份,38.76,0.88,2.323,38.75,38.76,37.88,37.55,39.49,37.37,2619097,101427598,15:00:03,121.125,3.988,471631.68,271037.71092,3.74546
sh688717,艾罗能源,95.07,-0.04,-0.042,95.07,95.23,95.11,93.99,97.29,91.69,4941297,469937098,15:00:00,74.858,3.342,1521120.0,941647.510656,4.9888
sh688718,唯赛勃,14.57,0.14,0.97,14.55,14.57,14.43,14.42,14.75,14.25,1901607,27681408,15:00:03,66.227,3.252,253160.144773,253160.144773,1.09442
sh688719,爱科赛博,45.89,-0.42,-0.907,45.89,45.92,46.31,46.2,47.3,45.51,1348018,62680959,15:00:03,71.703,3.123,529503.683202,411735.625522,1.50243
sh688720,艾森股份,71.3,0.25,0.352,71.29,71.3,71.05,70.0,73.0,69.92,2196560,157738602,15:00:01,187.632,6.219,628390.67142,402020.21586,3.89569
sh688721,龙图光罩,46.0,0.0,0.0,45.95,46.0,46.0,46.0,46.59,45.46,950481,43754757,15:00:03,55.422,5.091,614100.0,246028.884,1.77711
sh688722,同益中,20.3,0.19,0.945,20.3,20.31,20.11,20.0,20.7,19.87,6086759,124371555,15:34:59,35.0,3.227,456073.401,454933.556,2.71603
sh688726,拉普拉斯,72.5,5.84,8.761,72.49,72.5,66.66,64.15,73.9,64.15,33263103,2327195948,15:00:03,36.935,7.31,2938614.87025,1594452.4365,15.12478
sh688727,恒坤新材,54.3,0.4,0.742,54.29,54.3,53.9,53.33,54.88,53.1,4268036,231571330,15:00:01,217.2,13.084,2439805.428,272820.38595,8.49476
sh688728,格科微,15.44,0.11,0.718,15.43,15.44,15.33,15.2,15.59,15.2,13254114,204630093,15:00:03,220.571,5.134,4015305.813848,3858281.795112,0.5304
sh688729,屹唐股份,24.8,-0.11,-0.442,24.79,24.8,24.91,24.64,25.1,24.6,5989717,149117974,15:00:03,124.0,8.337,7329788.8,533202.31136,2.7859
sh688733,壹石通,29.84,-0.02,-0.067,29.83,29.84,29.86,29.85,30.17,29.39,3362377,100237391,15:00:03,497.333,2.749,596129.16696,596129.16696,1.68308
sh688737,中自科技,27.27,-0.26,-0.944,27.26,27.27,27.53,27.65,29.8,27.22,4764501,136616550,15:00:03,-123.955,1.812,326052.416043,326052.416043,3.98488
sh688739,成大生物,25.71,-0.18,-0.695,25.7,25.71,25.89,25.94,26.1,25.71,1986949,51561959,15:00:00,30.976,1.141,1070692.95,1070692.95,0.47712
sh688750,金天钛业,19.06,-0.12,-0.626,19.06,19.07,19.18,19.0,19.27,18.91,4077406,77933981,15:00:01,47.448,3.595,881525.0,443942.329356,1.75057
sh688755,汉邦科技,40.33,0.02,0.05,40.31,40.33,40.31,40.31,40.48,40.11,304198,12278881,15:00:03,0.0,2.92,354904.0,70980.8,1.7284
sh688757,胜科纳米,30.24,-0.46,-1.498,30.24,30.31,30.7,30.47,30.81,30.03,1323513,40290952,15:00:03,137.455,13.514,1219613.933664,105975.381456,3.77663
sh688758,赛分科技,18.88,0.01,0.053,18.88,18.92,18.87,18.87,19.18,18.67,2102280,39827547,15:00:03,81.239,5.958,786284.190592,562970.772736,0.70503
sh688759,必贝特,42.47,-2.33,-5.201,42.4,42.47,44.8,43.78,46.2,42.15,5863467,257265693,15:00:01,-265.438,70.783,1911305.682279,197324.033307,12.61992
sh688765,禾元生物,73.28,0.47,0.646,73.28,73.3,72.81,73.23,75.0,73.0,1579100,117224232,15:00:01,-130.857,39.611,2619760.0,300292.448544,3.85346
sh688766,普冉股份,275.5,3.25,1.194,275.5,275.58,272.25,269.53,282.0,262.88,5548662,1520930266,15:34:59,99.101,17.947,4078752.7601,4078752.7601,3.74785
sh688767,博拓生物,35.68,-0.35,-0.971,35.67,35.68,36.03,36.22,36.22,35.21,1239713,44260634,15:00:03,22.161,2.278,532821.335712,532821.335712,0.83016
sh688768,容知日新,65.49,0.03,0.046,65.48,65.49,65.46,64.5,66.85,63.8,1401990,92400036,15:00:03,49.992,5.478,576238.081437,571488.982401,1.60662
sh688772,珠海冠宇,19.18,0.18,0.947,19.17,19.18,19.0,18.87,19.48,18.78,19169652,368467623,15:00:03,49.883,3.045,2171532.180272,2171532.180272,1.69315
sh688775,影石创新,223.37,5.37,2.463,223.37,223.39,218.0,218.44,226.59,215.5,1708632,378536598,15:00:01,80.931,15.647,8957137.0,732653.6,5.20924
sh688776,国光电气,113.84,0.34,0.3,113.84,113.85,113.5,112.0,118.76,109.44,3491527,402508293,15:00:00,264.744,6.796,1233836.841896,1233836.841896,3.22146
sh688777,中控技术,87.5,-3.38,-3.719,87.5,87.51,90.88,88.18,90.11,85.58,27790052,2437966119,15:34:59,61.62,6.787,6922908.36125,6853190.435,3.54817
sh688778,厦钨新能,83.8,1.11,1.342,83.8,83.86,82.69,82.49,85.45,80.18,4576415,383406624,15:00:03,71.017,4.695,4229311.27554,4229311.27554,0.90678
sh688779,五矿新能,9.91,0.24,2.482,9.9,9.91,9.67,9.58,10.11,9.4,45363735,447336330,15:00:03,-38.115,2.852,1911856.369904,1911856.369904,2.3514
sh688783,西安奕材,24.82,-0.08,-0.321,24.79,24.82,24.9,24.82,25.05,24.64,4819771,119711910,15:00:01,-118.19,10.745,10021819.6,408580.848452,2.92786
sh688785,恒运昌,363.7,-1.3,-0.356,363.7,363.94,365.0,354.05,386.99,354.05,1752105,649494683,15:00:03,128.972,31.856,2462310.39256,462905.17605,13.76611
sh688786,悦安新材,30.97,0.57,1.875,30.93,30.97,30.4,30.3,31.48,29.95,2405119,74436002,15:00:03,52.492,5.965,445348.609291,445348.609291,1.67254
sh688787,海天瑞声,135.55,-2.45,-1.775,135.55,135.61,138.0,136.0,139.15,133.76,1761878,240284785,15:00:03,713.421,11.193,817707.8149,817707.8149,2.92063
sh688788,科思科技,70.29,0.54,0.774,70.29,70.3,69.75,68.97,72.83,66.66,3985609,281870507,15:00:00,-27.46,5.689,1102670.213832,1102670.213832,2.54064
sh688789,宏华数科,76.5,-1.0,-1.29,76.5,76.61,77.5,77.26,77.7,76.1,1213450,93558765,15:00:03,32.974,4.02,1378959.21855,1378959.21855,0.67318
sh688790,昂瑞微,145.14,-2.16,-1.466,145.14,145.19,147.3,146.01,146.99,144.5,455056,66311415,15:00:01,-166.828,15.827,1444602.919632,175005.036894,3.774
sh688793,倍轻松,22.71,-0.26,-1.132,22.71,22.75,22.97,22.7,22.94,22.21,1799923,40796723,15:00:03,189.25,7.056,195182.046549,195182.046549,2.09426
sh688795,摩尔线程,536.99,2.41,0.451,536.98,536.99,534.58,530.0,542.69,523.01,1643157,876165988,15:34:59,-116.737,64.091,25240045.224683,1577804.745814,5.59232
sh688796,百奥赛图,70.96,-1.87,-2.568,70.96,70.99,72.83,72.22,73.28,70.19,2060236,147337729,15:00:01,887.0,32.5,3171191.18832,254658.700536,5.7408
sh688798,艾为电子,74.86,-0.6,-0.795,74.85,74.86,75.46,74.93,75.77,74.04,2120772,159001998,15:00:03,68.055,4.185,1745200.969096,1016173.89464,1.56234
sh688799,华纳药厂,47.56,0.28,0.592,47.55,47.56,47.28,47.05,48.85,46.72,3473604,165905002,15:00:03,27.177,3.135,624557.92,624557.92,2.64514
sh688800,瑞可达,79.1,-0.6,-0.753,79.1,79.13,79.7,78.98,80.49,78.08,3664291,290690054,15:00:03,71.261,7.094,1626883.98985,1626883.98985,1.7816
sh688802,沐曦股份,493.88,1.92,0.39,493.88,493.9,491.96,485.0,499.99,479.01,1135292,555228865,15:00:01,-70.454,20.701,19760138.8,895847.598524,6.25885
sh688805,健信超导,44.13,-0.23,-0.518,44.12,44.13,44.36,44.03,44.57,43.8,1158331,51237198,15:34:59,100.295,14.673,739971.84,139092.724767,3.67504
sh688807,优迅股份,189.15,-2.77,-1.443,189.14,189.15,191.92,191.0,191.53,188.0,878449,166674527,15:00:03,101.694,18.63,1513200.0,284399.43324,5.84244
sh688809,强一股份,324.86,-11.84,-3.516,324.85,324.86,336.7,334.0,346.68,324.86,3039787,1012646176,15:00:01,135.358,30.547,4208863.4198,791131.850374,12.48218
sh688819,天能股份,34.61,0.36,1.051,34.61,34.62,34.25,33.99,34.91,33.75,2797729,96503041,15:00:03,21.631,1.997,3364438.1,3364438.1,0.2878
sh688981,中芯国际,112.7,0.9,0.805,112.68,112.7,111.8,110.14,114.6,110.14,40822691,4597784625,15:34:59,245.0,5.964,90165470.458,22535069.92723,2.04158
sh689009,九号公司,53.25,0.71,1.351,53.24,53.25,52.54,52.39,54.16,51.9,9933650,529869684,15:34:59,3.476,0.54,3841672.5795,2958877.1034,1.78773
